Iterations;Goroutines;ExecutionTime(ms);Quality
2000;1;10539;6.07
2000;2;6649;6.07
2000;3;8395;6.07
2000;4;6195;6.07
2000;5;6397;6.07
2000;6;5164;6.07
2000;8;4873;6.07
2000;9;4667;6.07
2000;10;4237;6.07
2000;12;3887;6.07
2000;15;3614;6.07
2000;16;3568;6.07
2000;18;3385;6.07
2000;20;3364;6.07
2000;24;3154;6.07
2000;27;3073;6.07
2000;30;3051;6.07
2000;36;3023;6.07
2000;40;3036;6.07
2000;45;3036;6.07
2000;48;2995;6.07
2000;54;2981;6.07
2000;60;2917;6.07
2000;72;2895;6.07
2000;80;2920;6.07
2000;90;2907;6.07
2000;108;2966;6.07
2000;120;2983;6.07
2000;135;2934;6.07
2000;144;2993;6.07
2000;180;3024;6.07
2000;216;2920;6.07
2000;240;2910;6.07
2000;270;2962;6.07
2000;360;2951;6.07
2000;432;2892;6.07
2000;540;2931;6.07
2000;720;2955;6.07
2000;1080;2928;6.07
2000;2160;2936;6.07
2020;1;11328;5.96
2020;2;6393;5.96
2020;3;8794;5.96
2020;4;6294;5.96
2020;5;6611;5.96
2020;6;5556;5.96
2020;8;4796;5.96
2020;9;4945;5.96
2020;10;4433;5.96
2020;12;4011;5.96
2020;15;3758;5.96
2020;16;3604;5.96
2020;18;3491;5.96
2020;20;3373;5.96
2020;24;3236;5.96
2020;27;3180;5.96
2020;30;3091;5.96
2020;36;3161;5.96
2020;40;3036;5.96
2020;45;3032;5.96
2020;48;3022;5.96
2020;54;3051;5.96
2020;60;3017;5.96
2020;72;3047;5.96
2020;80;2920;5.96
2020;90;2938;5.96
2020;108;2934;5.96
2020;120;2992;5.96
2020;135;2971;5.96
2020;144;2924;5.96
2020;180;2985;5.96
2020;216;2986;5.96
2020;240;2983;5.96
2020;270;2963;5.96
2020;360;3016;5.96
2020;432;3060;5.96
2020;540;3057;5.96
2020;720;3020;5.96
2020;1080;2943;5.96
2020;2160;2978;5.96
2040;1;11767;5.84
2040;2;6711;5.84
2040;3;8858;5.84
2040;4;6684;5.84
2040;5;7211;5.84
2040;6;5694;5.84
2040;8;4972;5.84
2040;9;4950;5.84
2040;10;4470;5.84
2040;12;4162;5.84
2040;15;3743;5.84
2040;16;3620;5.84
2040;18;3595;5.84
2040;20;3407;5.84
2040;24;3274;5.84
2040;27;3248;5.84
2040;30;3130;5.84
2040;36;3179;5.84
2040;40;3067;5.84
2040;45;3056;5.84
2040;48;3092;5.84
2040;54;3079;5.84
2040;60;3128;5.84
2040;72;3052;5.84
2040;80;3020;5.84
2040;90;2957;5.84
2040;108;3093;5.84
2040;120;3067;5.84
2040;135;2982;5.84
2040;144;3087;5.84
2040;180;3115;5.84
2040;216;2999;5.84
2040;240;2949;5.84
2040;270;3036;5.84
2040;360;3074;5.84
2040;432;3021;5.84
2040;540;3096;5.84
2040;720;3076;5.84
2040;1080;3034;5.84
2040;2160;3015;5.84
2060;1;12163;5.77
2060;2;6956;5.77
2060;3;9077;5.77
2060;4;6803;5.77
2060;5;6930;5.77
2060;6;5737;5.77
2060;8;5178;5.77
2060;9;4812;5.77
2060;10;4478;5.77
2060;12;4252;5.77
2060;15;3726;5.77
2060;16;3699;5.77
2060;18;3572;5.77
2060;20;3343;5.77
2060;24;3239;5.77
2060;27;3169;5.77
2060;30;3221;5.77
2060;36;3113;5.77
2060;40;3053;5.77
2060;45;3081;5.77
2060;48;3154;5.77
2060;54;3114;5.77
2060;60;3071;5.77
2060;72;2982;5.77
2060;80;3090;5.77
2060;90;3058;5.77
2060;108;3023;5.77
2060;120;3038;5.77
2060;135;3020;5.77
2060;144;3066;5.77
2060;180;3034;5.77
2060;216;3026;5.77
2060;240;2986;5.77
2060;270;2995;5.77
2060;360;2959;5.77
2060;432;2995;5.77
2060;540;3030;5.77
2060;720;3035;5.77
2060;1080;3001;5.77
2060;2160;3032;5.77
2080;1;11846;5.74
2080;2;7891;5.74
2080;3;9000;5.74
2080;4;6280;5.74
2080;5;6824;5.74
2080;6;5806;5.74
2080;8;4772;5.74
2080;9;4956;5.74
2080;10;4368;5.74
2080;12;4253;5.74
2080;15;3860;5.74
2080;16;3607;5.74
2080;18;3598;5.74
2080;20;3488;5.74
2080;24;3301;5.74
2080;27;3208;5.74
2080;30;3180;5.74
2080;36;3102;5.74
2080;40;3124;5.74
2080;45;3074;5.74
2080;48;3074;5.74
2080;54;3019;5.74
2080;60;3071;5.74
2080;72;3033;5.74
2080;80;2975;5.74
2080;90;3033;5.74
2080;108;2976;5.74
2080;120;2974;5.74
2080;135;3053;5.74
2080;144;3086;5.74
2080;180;2974;5.74
2080;216;3033;5.74
2080;240;2966;5.74
2080;270;3059;5.74
2080;360;3006;5.74
2080;432;3013;5.74
2080;540;3053;5.74
2080;720;3012;5.74
2080;1080;3027;5.74
2080;2160;3024;5.74
2100;1;11572;5.69
2100;2;7163;5.69
2100;3;8989;5.69
2100;4;7323;5.69
2100;5;7076;5.69
2100;6;5962;5.69
2100;8;4891;5.69
2100;9;4874;5.69
2100;10;4355;5.69
2100;12;4050;5.69
2100;15;3762;5.69
2100;16;3665;5.69
2100;18;3575;5.69
2100;20;3442;5.69
2100;24;3301;5.69
2100;27;3275;5.69
2100;30;3235;5.69
2100;36;3186;5.69
2100;40;3029;5.69
2100;45;3079;5.69
2100;48;3074;5.69
2100;54;3067;5.69
2100;60;3019;5.69
2100;72;3091;5.69
2100;80;3076;5.69
2100;90;3017;5.69
2100;108;3064;5.69
2100;120;3038;5.69
2100;135;3044;5.69
2100;144;3109;5.69
2100;180;3009;5.69
2100;216;3009;5.69
2100;240;3005;5.69
2100;270;3044;5.69
2100;360;2967;5.69
2100;432;3070;5.69
2100;540;2970;5.69
2100;720;3109;5.69
2100;1080;3025;5.69
2100;2160;3053;5.69
2120;1;11201;5.65
2120;2;6860;5.65
2120;3;8739;5.65
2120;4;6595;5.65
2120;5;6588;5.65
2120;6;5553;5.65
2120;8;4785;5.65
2120;9;4932;5.65
2120;10;4493;5.65
2120;12;4066;5.65
2120;15;3752;5.65
2120;16;3617;5.65
2120;18;3496;5.65
2120;20;3413;5.65
2120;24;3275;5.65
2120;27;3214;5.65
2120;30;3176;5.65
2120;36;3138;5.65
2120;40;3033;5.65
2120;45;3063;5.65
2120;48;3035;5.65
2120;54;3067;5.65
2120;60;3055;5.65
2120;72;3122;5.65
2120;80;3071;5.65
2120;90;3052;5.65
2120;108;2969;5.65
2120;120;2990;5.65
2120;135;3029;5.65
2120;144;3007;5.65
2120;180;3047;5.65
2120;216;3048;5.65
2120;240;3004;5.65
2120;270;3020;5.65
2120;360;2950;5.65
2120;432;3057;5.65
2120;540;3036;5.65
2120;720;3027;5.65
2120;1080;3060;5.65
2120;2160;3006;5.65
2140;1;11182;5.60
2140;2;7561;5.60
2140;3;8662;5.60
2140;4;6510;5.60
2140;5;6622;5.60
2140;6;5548;5.60
2140;8;4698;5.60
2140;9;4810;5.60
2140;10;4457;5.60
2140;12;4127;5.60
2140;15;3825;5.60
2140;16;3736;5.60
2140;18;3395;5.60
2140;20;3419;5.60
2140;24;3271;5.60
2140;27;3272;5.60
2140;30;3155;5.60
2140;36;3144;5.60
2140;40;3142;5.60
2140;45;3072;5.60
2140;48;3070;5.60
2140;54;3112;5.60
2140;60;3097;5.60
2140;72;3010;5.60
2140;80;3092;5.60
2140;90;3018;5.60
2140;108;3012;5.60
2140;120;3083;5.60
2140;135;3020;5.60
2140;144;3073;5.60
2140;180;2986;5.60
2140;216;3034;5.60
2140;240;3039;5.60
2140;270;3047;5.60
2140;360;2975;5.60
2140;432;3004;5.60
2140;540;3001;5.60
2140;720;3029;5.60
2140;1080;3051;5.60
2140;2160;3048;5.60
2160;1;11251;5.58
2160;2;7268;5.58
2160;3;8777;5.58
2160;4;6737;5.58
2160;5;6644;5.58
2160;6;5572;5.58
2160;8;4717;5.58
2160;9;4781;5.58
2160;10;4730;5.58
2160;12;4077;5.58
2160;15;3716;5.58
2160;16;3579;5.58
2160;18;3515;5.58
2160;20;3439;5.58
2160;24;3322;5.58
2160;27;3251;5.58
2160;30;3222;5.58
2160;36;3155;5.58
2160;40;3209;5.58
2160;45;3168;5.58
2160;48;3077;5.58
2160;54;3118;5.58
2160;60;3089;5.58
2160;72;3132;5.58
2160;80;3091;5.58
2160;90;3058;5.58
2160;108;3048;5.58
2160;120;3099;5.58
2160;135;3034;5.58
2160;144;3043;5.58
2160;180;3030;5.58
2160;216;3131;5.58
2160;240;3078;5.58
2160;270;3087;5.58
2160;360;3014;5.58
2160;432;3026;5.58
2160;540;3019;5.58
2160;720;3002;5.58
2160;1080;3019;178.66
2160;2160;3107;1060.82
2180;1;11345;5.51
2180;2;7109;5.51
2180;3;8861;5.51
2180;4;6196;5.51
2180;5;6747;5.51
2180;6;5462;5.51
2180;8;4975;5.51
2180;9;4707;5.51
2180;10;4391;5.51
2180;12;4091;5.51
2180;15;3822;5.51
2180;16;3691;5.51
2180;18;3648;5.51
2180;20;3430;5.51
2180;24;3392;5.51
2180;27;3205;5.51
2180;30;3250;5.51
2180;36;3138;5.51
2180;40;3142;5.51
2180;45;3172;5.51
2180;48;3096;5.51
2180;54;3085;5.51
2180;60;3070;5.51
2180;72;3057;5.51
2180;80;3065;5.51
2180;90;3097;5.51
2180;108;3157;5.51
2180;120;3105;5.51
2180;135;3073;5.51
2180;144;3027;5.51
2180;180;3053;5.51
2180;216;3095;5.51
2180;240;3019;5.51
2180;270;3245;5.51
2180;360;3312;5.51
2180;432;3181;5.51
2180;540;3042;5.51
2180;720;3148;5.51
2180;1080;3084;5.51
2180;2160;3065;5.51
2200;1;11398;5.50
2200;2;6983;5.50
2200;3;8916;5.50
2200;4;6214;5.50
2200;5;6954;5.50
2200;6;5696;5.50
2200;8;5057;5.50
2200;9;4730;5.50
2200;10;4278;5.50
2200;12;4081;5.50
2200;15;3789;5.50
2200;16;3623;5.50
2200;18;3634;5.50
2200;20;3423;5.50
2200;24;3323;5.50
2200;27;3251;5.50
2200;30;3202;5.50
2200;36;3153;5.50
2200;40;3136;5.50
2200;45;3145;5.50
2200;48;3148;5.50
2200;54;3093;5.50
2200;60;3099;5.50
2200;72;3071;5.50
2200;80;3070;5.50
2200;90;3104;5.50
2200;108;3074;5.50
2200;120;3090;5.50
2200;135;3088;5.50
2200;144;3042;5.50
2200;180;3075;5.50
2200;216;3045;5.50
2200;240;3058;5.50
2200;270;3035;5.50
2200;360;3044;5.50
2200;432;3037;5.50
2200;540;3056;5.50
2200;720;3056;5.50
2200;1080;3090;5.50
2200;2160;3043;5.50
2220;1;11512;5.47
2220;2;6765;5.47
2220;3;8987;5.47
2220;4;7127;5.47
2220;5;6873;5.47
2220;6;5600;5.47
2220;8;5097;5.47
2220;9;4815;5.47
2220;10;4562;5.47
2220;12;4182;5.47
2220;15;3804;5.47
2220;16;3750;5.47
2220;18;3579;5.47
2220;20;3405;5.47
2220;24;3303;5.47
2220;27;3300;5.47
2220;30;3201;5.47
2220;36;3206;5.47
2220;40;3152;5.47
2220;45;3115;5.47
2220;48;3128;5.47
2220;54;3142;5.47
2220;60;3096;5.47
2220;72;3107;5.47
2220;80;3119;5.47
2220;90;3095;5.47
2220;108;3117;5.47
2220;120;3060;5.47
2220;135;3066;5.47
2220;144;3146;5.47
2220;180;3073;5.47
2220;216;3062;5.47
2220;240;3141;5.47
2220;270;3122;5.47
2220;360;3107;5.47
2220;432;3113;5.47
2220;540;3104;5.47
2220;720;3036;5.47
2220;1080;3092;5.47
2220;2160;3097;5.47
2240;1;11566;5.42
2240;2;7343;5.42
2240;3;9042;5.42
2240;4;6817;5.42
2240;5;6865;5.42
2240;6;5848;5.42
2240;8;4751;5.42
2240;9;4909;5.42
2240;10;4582;5.42
2240;12;4091;5.42
2240;15;3866;5.42
2240;16;3827;5.42
2240;18;3607;5.42
2240;20;3539;5.42
2240;24;3347;5.42
2240;27;3279;5.42
2240;30;3253;5.42
2240;36;3221;5.42
2240;40;3158;5.42
2240;45;3185;5.42
2240;48;3111;5.42
2240;54;3128;5.42
2240;60;3145;5.42
2240;72;3182;5.42
2240;80;3144;5.42
2240;90;3115;5.42
2240;108;3172;5.42
2240;120;3117;5.42
2240;135;3131;5.42
2240;144;3122;5.42
2240;180;3098;5.42
2240;216;3156;5.42
2240;240;3140;5.42
2240;270;3090;5.42
2240;360;3081;5.42
2240;432;3120;5.42
2240;540;3136;5.42
2240;720;3179;5.42
2240;1080;3161;5.42
2240;2160;3105;5.42
2260;1;11704;5.34
2260;2;7694;5.34
2260;3;9140;5.34
2260;4;7297;5.34
2260;5;6842;5.34
2260;6;5453;5.34
2260;8;4951;5.34
2260;9;4950;5.34
2260;10;4764;5.34
2260;12;4142;5.34
2260;15;3872;5.34
2260;16;3700;5.34
2260;18;3594;5.34
2260;20;3502;5.34
2260;24;3355;5.34
2260;27;3307;5.34
2260;30;3269;5.34
2260;36;3197;5.34
2260;40;3222;5.34
2260;45;3200;5.34
2260;48;3162;5.34
2260;54;3181;5.34
2260;60;3148;5.34
2260;72;3104;5.34
2260;80;3156;5.34
2260;90;3119;5.34
2260;108;3102;5.34
2260;120;3110;5.34
2260;135;3157;5.34
2260;144;3123;5.34
2260;180;3128;5.34
2260;216;3096;5.34
2260;240;3116;5.34
2260;270;3137;5.34
2260;360;3160;5.34
2260;432;3147;5.34
2260;540;3153;5.34
2260;720;3143;5.34
2260;1080;3172;5.34
2260;2160;3156;1084.47
2280;1;11780;5.30
2280;2;7683;5.30
2280;3;9193;5.30
2280;4;6302;5.30
2280;5;6992;5.30
2280;6;5860;5.30
2280;8;5232;5.30
2280;9;4936;5.30
2280;10;4622;5.30
2280;12;4325;5.30
2280;15;3874;5.30
2280;16;3787;5.30
2280;18;3656;5.30
2280;20;3578;5.30
2280;24;3423;5.30
2280;27;3388;5.30
2280;30;3274;5.30
2280;36;3237;5.30
2280;40;3218;5.30
2280;45;3211;5.30
2280;48;3226;5.30
2280;54;3230;5.30
2280;60;3216;5.30
2280;72;3158;5.30
2280;80;3183;5.30
2280;90;3170;5.30
2280;108;3251;5.30
2280;120;3162;5.30
2280;135;3154;5.30
2280;144;3156;5.30
2280;180;3191;5.30
2280;216;3178;5.30
2280;240;3157;5.30
2280;270;3159;5.30
2280;360;3146;5.30
2280;432;3169;5.30
2280;540;3202;5.30
2280;720;3126;5.30
2280;1080;3164;5.30
2280;2160;3139;7.24
2300;1;11871;5.27
2300;2;7283;5.27
2300;3;9249;5.27
2300;4;7404;5.27
2300;5;6985;5.27
2300;6;5773;5.27
2300;8;5043;5.27
2300;9;4988;5.27
2300;10;4898;5.27
2300;12;4337;5.27
2300;15;3866;5.27
2300;16;3861;5.27
2300;18;3722;5.27
2300;20;3544;5.27
2300;24;3381;5.27
2300;27;3344;5.27
2300;30;3337;5.27
2300;36;3279;5.27
2300;40;3244;5.27
2300;45;3227;5.27
2300;48;3215;5.27
2300;54;3210;5.27
2300;60;3224;5.27
2300;72;3230;5.27
2300;80;3153;5.27
2300;90;3211;5.27
2300;108;3136;5.27
2300;120;3144;5.27
2300;135;3137;5.27
2300;144;3207;5.27
2300;180;3165;5.27
2300;216;3166;5.27
2300;240;3199;5.27
2300;270;3185;5.27
2300;360;3157;5.27
2300;432;3141;5.27
2300;540;3144;5.27
2300;720;3176;5.27
2300;1080;3197;5.27
2300;2160;3229;5.27
2320;1;11990;5.20
2320;2;7257;5.20
2320;3;9290;5.20
2320;4;7132;5.20
2320;5;7030;5.20
2320;6;6073;5.20
2320;8;5403;5.20
2320;9;5106;5.20
2320;10;4885;5.20
2320;12;4449;5.20
2320;15;3907;5.20
2320;16;3807;5.20
2320;18;3759;5.20
2320;20;3678;5.20
2320;24;3413;5.20
2320;27;3434;5.20
2320;30;3412;5.20
2320;36;3354;5.20
2320;40;3213;5.20
2320;45;3225;5.20
2320;48;3230;5.20
2320;54;3215;5.20
2320;60;3242;5.20
2320;72;3255;5.20
2320;80;3246;5.20
2320;90;3265;5.20
2320;108;3247;5.20
2320;120;3213;5.20
2320;135;3187;5.20
2320;144;3174;5.20
2320;180;3160;5.20
2320;216;3201;5.20
2320;240;3182;5.20
2320;270;3220;5.20
2320;360;3179;5.20
2320;432;3168;5.20
2320;540;3171;5.20
2320;720;3207;5.20
2320;1080;3196;5.20
2320;2160;3210;5.20
2340;1;12090;5.15
2340;2;7027;5.15
2340;3;9433;5.15
2340;4;6990;5.15
2340;5;7212;5.15
2340;6;6247;5.15
2340;8;4983;5.15
2340;9;5162;5.15
2340;10;4850;5.15
2340;12;4560;5.15
2340;15;3930;5.15
2340;16;4043;5.15
2340;18;3705;5.15
2340;20;3668;5.15
2340;24;3448;5.15
2340;27;3397;5.15
2340;30;3376;5.15
2340;36;3322;5.15
2340;40;3323;5.15
2340;45;3271;5.15
2340;48;3291;5.15
2340;54;3226;5.15
2340;60;3224;5.15
2340;72;3282;5.15
2340;80;3211;5.15
2340;90;3197;5.15
2340;108;3196;5.15
2340;120;3202;5.15
2340;135;3233;5.15
2340;144;3185;5.15
2340;180;3184;5.15
2340;216;3235;5.15
2340;240;3202;5.15
2340;270;3232;5.15
2340;360;3227;5.15
2340;432;3238;5.15
2340;540;3209;5.15
2340;720;3249;5.15
2340;1080;3263;5.15
2340;2160;3260;5.15
2360;1;12162;5.08
2360;2;8173;5.08
2360;3;9485;5.08
2360;4;6887;5.08
2360;5;7124;5.08
2360;6;5883;5.08
2360;8;5263;5.08
2360;9;5136;5.08
2360;10;4821;5.08
2360;12;4312;5.08
2360;15;4067;5.08
2360;16;3918;5.08
2360;18;3737;5.08
2360;20;3644;5.08
2360;24;3483;5.08
2360;27;3434;5.08
2360;30;3344;5.08
2360;36;3354;5.08
2360;40;3310;5.08
2360;45;3281;5.08
2360;48;3270;5.08
2360;54;3342;5.08
2360;60;3248;5.08
2360;72;3309;5.08
2360;80;3284;5.08
2360;90;3295;5.08
2360;108;3252;5.08
2360;120;3237;5.08
2360;135;3246;5.08
2360;144;3211;5.08
2360;180;3234;5.08
2360;216;3187;5.08
2360;240;3270;5.08
2360;270;3247;5.08
2360;360;3212;5.08
2360;432;3252;5.08
2360;540;3200;5.08
2360;720;3287;5.08
2360;1080;3216;5.08
2360;2160;3298;5.08
2380;1;12269;5.03
2380;2;7824;5.03
2380;3;9415;5.03
2380;4;6561;5.03
2380;5;7179;5.03
2380;6;5842;5.03
2380;8;5094;5.03
2380;9;5109;5.03
2380;10;4666;5.03
2380;12;4260;5.03
2380;15;4081;5.03
2380;16;3956;5.03
2380;18;3738;5.03
2380;20;3766;5.03
2380;24;3622;5.03
2380;27;3552;5.03
2380;30;3437;5.03
2380;36;3381;5.03
2380;40;3385;5.03
2380;45;3273;5.03
2380;48;3317;5.03
2380;54;3271;5.03
2380;60;3304;5.03
2380;72;3294;5.03
2380;80;3264;5.03
2380;90;3278;5.03
2380;108;3252;5.03
2380;120;3297;5.03
2380;135;3280;5.03
2380;144;3263;5.03
2380;180;3292;5.03
2380;216;3244;5.03
2380;240;3305;5.03
2380;270;3223;5.03
2380;360;3252;5.03
2380;432;3251;5.03
2380;540;3261;5.03
2380;720;3222;12.77
2380;1080;3233;5.03
2380;2160;3265;5.03
2400;1;12351;5.00
2400;2;7329;5.00
2400;3;9546;5.00
2400;4;7458;5.00
2400;5;7408;5.00
2400;6;5964;5.00
2400;8;5238;5.00
2400;9;5175;5.00
2400;10;4918;5.00
2400;12;4367;5.00
2400;15;4116;5.00
2400;16;3974;5.00
2400;18;3933;5.00
2400;20;3757;5.00
2400;24;3526;5.00
2400;27;3496;5.00
2400;30;3428;5.00
2400;36;3448;5.00
2400;40;3376;5.00
2400;45;3330;5.00
2400;48;3326;5.00
2400;54;3302;5.00
2400;60;3287;5.00
2400;72;3317;5.00
2400;80;3291;5.00
2400;90;3313;5.00
2400;108;3279;5.00
2400;120;3318;5.00
2400;135;3274;5.00
2400;144;3258;5.00
2400;180;3277;5.00
2400;216;3277;5.00
2400;240;3309;5.00
2400;270;3281;5.00
2400;360;3295;5.00
2400;432;3263;5.00
2400;540;3291;5.00
2400;720;3261;5.00
2400;1080;3284;5.00
2400;2160;3274;5.00
2420;1;12445;4.95
2420;2;7545;4.95
2420;3;9645;4.95
2420;4;7432;4.95
2420;5;7318;4.95
2420;6;5947;4.95
2420;8;5373;4.95
2420;9;5329;4.95
2420;10;5102;4.95
2420;12;4524;4.95
2420;15;4172;4.95
2420;16;4134;4.95
2420;18;3799;4.95
2420;20;3811;4.95
2420;24;3608;4.95
2420;27;3483;4.95
2420;30;3475;4.95
2420;36;3401;4.95
2420;40;3441;4.95
2420;45;3367;4.95
2420;48;3356;4.95
2420;54;3314;4.95
2420;60;3287;4.95
2420;72;3327;115.08
2420;80;3369;4.95
2420;90;3307;4.95
2420;108;3280;4.95
2420;120;3310;4.95
2420;135;3312;4.95
2420;144;3364;4.95
2420;180;3334;4.95
2420;216;3357;4.95
2420;240;3355;4.95
2420;270;3322;4.95
2420;360;3324;4.95
2420;432;3345;4.95
2420;540;3395;4.95
2420;720;3307;4.95
2420;1080;3300;4.95
2420;2160;3353;4.95
2440;1;12576;4.89
2440;2;7411;4.89
2440;3;9709;4.89
2440;4;7207;4.89
2440;5;7457;4.89
2440;6;6222;4.89
2440;8;5420;4.89
2440;9;5094;4.89
2440;10;4988;4.89
2440;12;4635;4.89
2440;15;4170;4.89
2440;16;4041;4.89
2440;18;3897;4.89
2440;20;3756;4.89
2440;24;3547;4.89
2440;27;3554;4.89
2440;30;3509;4.89
2440;36;3462;4.89
2440;40;3428;4.89
2440;45;3388;4.89
2440;48;3390;4.89
2440;54;3404;4.89
2440;60;3316;4.89
2440;72;3312;4.89
2440;80;3363;4.89
2440;90;3308;4.89
2440;108;3385;4.89
2440;120;3311;4.89
2440;135;3328;4.89
2440;144;3358;4.89
2440;180;3309;4.89
2440;216;3325;4.89
2440;240;3368;4.89
2440;270;3303;4.89
2440;360;3304;4.89
2440;432;3294;4.89
2440;540;3350;4.89
2440;720;3316;4.89
2440;1080;3332;4.89
2440;2160;3389;4.89
2460;1;12675;4.83
2460;2;7598;4.83
2460;3;9892;4.83
2460;4;7648;4.83
2460;5;7627;4.83
2460;6;6115;4.83
2460;8;5881;4.83
2460;9;5374;4.83
2460;10;4773;4.83
2460;12;4568;4.83
2460;15;4255;4.83
2460;16;4156;4.83
2460;18;3803;4.83
2460;20;3735;4.83
2460;24;3692;4.83
2460;27;3541;4.83
2460;30;3538;4.83
2460;36;3508;4.83
2460;40;3424;4.83
2460;45;3497;4.83
2460;48;3371;4.83
2460;54;3420;4.83
2460;60;3376;4.83
2460;72;3339;4.83
2460;80;3338;4.83
2460;90;3359;4.83
2460;108;3349;4.83
2460;120;3345;4.83
2460;135;3326;4.83
2460;144;3331;4.83
2460;180;3360;4.83
2460;216;3324;4.83
2460;240;3368;4.83
2460;270;3318;4.83
2460;360;3368;4.83
2460;432;3338;4.83
2460;540;3327;4.83
2460;720;3309;4.83
2460;1080;3344;4.83
2460;2160;3325;4.83
2480;1;12744;4.79
2480;2;7648;4.79
2480;3;9903;4.79
2480;4;7159;4.79
2480;5;7474;4.79
2480;6;5954;4.79
2480;8;5663;4.79
2480;9;5311;4.79
2480;10;4773;4.79
2480;12;4708;4.79
2480;15;4202;4.79
2480;16;4006;4.79
2480;18;4040;4.79
2480;20;3786;4.79
2480;24;3651;4.79
2480;27;3562;4.79
2480;30;3501;4.79
2480;36;3455;4.79
2480;40;3440;4.79
2480;45;3424;4.79
2480;48;3423;4.79
2480;54;3484;4.79
2480;60;3373;4.79
2480;72;3413;4.79
2480;80;3380;4.79
2480;90;3336;4.79
2480;108;3374;4.79
2480;120;3415;4.79
2480;135;3357;4.79
2480;144;3375;4.79
2480;180;3382;4.79
2480;216;3338;4.79
2480;240;3349;4.79
2480;270;3327;4.79
2480;360;3328;4.79
2480;432;3347;4.79
2480;540;3377;4.79
2480;720;3353;4.79
2480;1080;3349;4.79
2480;2160;3338;4.79
2500;1;12835;4.73
2500;2;7766;4.73
2500;3;10113;4.73
2500;4;7477;4.73
2500;5;7800;4.73
2500;6;6524;4.73
2500;8;5909;4.73
2500;9;5334;4.73
2500;10;4910;4.73
2500;12;4675;4.73
2500;15;4199;4.73
2500;16;4156;4.73
2500;18;3849;4.73
2500;20;3810;4.73
2500;24;3801;4.73
2500;27;3703;4.73
2500;30;3605;4.73
2500;36;3555;4.73
2500;40;3509;4.73
2500;45;3529;4.73
2500;48;3450;4.73
2500;54;3446;4.73
2500;60;3359;4.73
2500;72;3411;4.73
2500;80;3444;4.73
2500;90;3469;4.73
2500;108;3404;4.73
2500;120;3427;4.73
2500;135;3401;4.73
2500;144;3373;4.73
2500;180;3357;4.73
2500;216;3329;4.73
2500;240;3380;4.73
2500;270;3446;4.73
2500;360;3416;4.73
2500;432;3408;4.73
2500;540;3387;4.73
2500;720;3453;4.73
2500;1080;3403;4.73
2500;2160;3488;4.73
2520;1;12974;4.70
2520;2;8152;4.70
2520;3;10220;4.70
2520;4;7276;4.70
2520;5;7563;4.70
2520;6;6549;4.70
2520;8;5409;4.70
2520;9;5415;4.70
2520;10;5079;4.70
2520;12;4749;4.70
2520;15;4448;4.70
2520;16;4118;4.70
2520;18;3948;4.70
2520;20;3770;4.70
2520;24;3729;4.70
2520;27;3605;4.70
2520;30;3563;4.70
2520;36;3474;4.70
2520;40;3448;4.70
2520;45;3481;4.70
2520;48;3460;4.70
2520;54;3463;4.70
2520;60;3425;4.70
2520;72;3374;4.70
2520;80;3412;4.70
2520;90;3422;4.70
2520;108;3420;4.70
2520;120;3419;4.70
2520;135;3391;4.70
2520;144;3422;4.70
2520;180;3378;4.70
2520;216;3396;4.70
2520;240;3403;4.70
2520;270;3405;4.70
2520;360;3421;4.70
2520;432;3474;4.70
2520;540;3433;4.70
2520;720;3463;4.70
2520;1080;3397;4.70
2520;2160;3430;4.70
2540;1;12997;4.66
2540;2;7889;4.66
2540;3;10106;4.66
2540;4;7736;4.66
2540;5;7654;4.66
2540;6;6074;4.66
2540;8;5456;4.66
2540;9;5539;4.66
2540;10;5133;4.66
2540;12;4667;4.66
2540;15;4253;4.66
2540;16;4290;4.66
2540;18;3967;4.66
2540;20;3831;4.66
2540;24;3742;4.66
2540;27;3724;4.66
2540;30;3632;4.66
2540;36;3606;4.66
2540;40;3440;4.66
2540;45;3516;4.66
2540;48;3498;4.66
2540;54;3483;4.66
2540;60;3481;4.66
2540;72;3485;4.66
2540;80;3472;4.66
2540;90;3455;4.66
2540;108;3446;4.66
2540;120;3435;4.66
2540;135;3421;4.66
2540;144;3548;4.66
2540;180;3438;4.66
2540;216;3501;4.66
2540;240;3505;4.66
2540;270;3393;4.66
2540;360;3446;4.66
2540;432;3399;4.66
2540;540;3488;4.66
2540;720;3424;4.66
2540;1080;3476;4.66
2540;2160;3428;6.64
2560;1;13138;4.63
2560;2;7977;4.63
2560;3;10275;4.63
2560;4;7660;4.63
2560;5;7603;4.63
2560;6;6726;4.63
2560;8;5541;4.63
2560;9;5488;4.63
2560;10;5043;4.63
2560;12;4624;4.63
2560;15;4299;4.63
2560;16;4242;4.63
2560;18;3961;4.63
2560;20;3865;4.63
2560;24;3807;4.63
2560;27;3690;4.63
2560;30;3585;4.63
2560;36;3638;4.63
2560;40;3520;4.63
2560;45;3530;4.63
2560;48;3496;4.63
2560;54;3485;4.63
2560;60;3446;4.63
2560;72;3525;4.63
2560;80;3511;4.63
2560;90;3470;4.63
2560;108;3493;4.63
2560;120;3445;4.63
2560;135;3440;4.63
2560;144;3414;4.63
2560;180;3435;4.63
2560;216;3395;4.63
2560;240;3444;4.63
2560;270;3480;4.63
2560;360;3416;4.63
2560;432;3437;4.63
2560;540;3452;4.63
2560;720;3450;488.78
2560;1080;3454;4.63
2560;2160;3502;4.63
2580;1;13199;4.59
2580;2;8569;4.59
2580;3;10306;4.59
2580;4;7615;4.59
2580;5;7909;4.59
2580;6;6276;4.59
2580;8;5544;4.59
2580;9;5504;4.59
2580;10;4997;4.59
2580;12;4709;4.59
2580;15;4317;4.59
2580;16;4352;4.59
2580;18;4131;4.59
2580;20;3863;4.59
2580;24;3755;4.59
2580;27;3680;4.59
2580;30;3654;4.59
2580;36;3576;4.59
2580;40;3542;4.59
2580;45;3568;4.59
2580;48;3503;4.59
2580;54;3556;4.59
2580;60;3487;4.59
2580;72;3483;4.59
2580;80;3468;4.59
2580;90;3437;4.59
2580;108;3499;4.59
2580;120;3514;4.59
2580;135;3502;4.59
2580;144;3414;4.59
2580;180;3467;4.59
2580;216;3456;4.59
2580;240;3490;4.59
2580;270;3461;4.59
2580;360;3424;4.59
2580;432;3447;4.59
2580;540;3461;4.59
2580;720;3442;4.59
2580;1080;3476;4.59
2580;2160;3532;4.59
2600;1;13293;4.51
2600;2;7510;4.51
2600;3;10251;4.51
2600;4;7964;4.51
2600;5;7904;4.51
2600;6;6316;4.51
2600;8;6130;4.51
2600;9;5440;4.51
2600;10;5279;4.51
2600;12;4986;4.51
2600;15;4427;4.51
2600;16;4213;4.51
2600;18;4211;4.51
2600;20;3840;4.51
2600;24;3809;4.51
2600;27;3723;4.51
2600;30;3650;4.51
2600;36;3620;4.51
2600;40;3596;4.51
2600;45;3530;4.51
2600;48;3547;4.51
2600;54;3494;4.51
2600;60;3503;4.51
2600;72;3490;4.51
2600;80;3495;4.51
2600;90;3459;4.51
2600;108;3540;4.51
2600;120;3529;4.51
2600;135;3488;4.51
2600;144;3517;4.51
2600;180;3509;4.51
2600;216;3472;4.51
2600;240;3476;4.51
2600;270;3480;4.51
2600;360;3502;4.51
2600;432;3475;4.51
2600;540;3433;4.51
2600;720;3488;4.51
2600;1080;3521;4.51
2600;2160;3557;4.51
2620;1;13421;4.47
2620;2;7821;4.47
2620;3;10498;4.47
2620;4;7448;4.47
2620;5;7967;4.47
2620;6;6612;4.47
2620;8;5922;4.47
2620;9;5568;4.47
2620;10;5303;4.47
2620;12;4720;4.47
2620;15;4416;4.47
2620;16;4185;4.47
2620;18;4061;4.47
2620;20;3935;4.47
2620;24;3855;4.47
2620;27;3816;4.47
2620;30;3695;4.47
2620;36;3661;4.47
2620;40;3609;4.47
2620;45;3622;4.47
2620;48;3574;4.47
2620;54;3557;4.47
2620;60;3526;4.47
2620;72;3534;4.47
2620;80;3529;4.47
2620;90;3527;4.47
2620;108;3540;4.47
2620;120;3492;4.47
2620;135;3472;4.47
2620;144;3589;4.47
2620;180;3523;4.47
2620;216;3504;4.47
2620;240;3543;4.47
2620;270;3534;4.47
2620;360;3496;4.47
2620;432;3496;4.47
2620;540;3491;4.47
2620;720;3509;4.47
2620;1080;3495;4.47
2620;2160;3528;89.15
2640;1;13513;4.41
2640;2;7850;4.41
2640;3;10450;4.41
2640;4;7867;4.41
2640;5;7854;4.41
2640;6;6140;4.41
2640;8;5802;4.41
2640;9;5694;4.41
2640;10;5176;4.41
2640;12;4915;4.41
2640;15;4468;4.41
2640;16;4273;4.41
2640;18;4156;4.41
2640;20;4025;4.41
2640;24;3792;4.41
2640;27;3812;4.41
2640;30;3709;4.41
2640;36;3651;4.41
2640;40;3619;4.41
2640;45;3617;4.41
2640;48;3587;4.41
2640;54;3555;4.41
2640;60;3638;4.41
2640;72;3569;4.41
2640;80;3621;4.41
2640;90;3609;4.41
2640;108;3494;4.41
2640;120;3531;4.41
2640;135;3567;4.41
2640;144;3539;4.41
2640;180;3512;4.41
2640;216;3515;4.41
2640;240;3538;4.41
2640;270;3528;4.41
2640;360;3581;4.41
2640;432;3525;4.41
2640;540;3585;4.41
2640;720;3547;4.41
2640;1080;3589;4.41
2640;2160;3588;4.41
2660;1;13625;4.38
2660;2;9471;4.38
2660;3;10557;4.38
2660;4;7906;4.38
2660;5;7932;4.38
2660;6;7053;4.38
2660;8;5942;4.38
2660;9;5734;4.38
2660;10;5192;4.38
2660;12;4727;4.38
2660;15;4468;4.38
2660;16;4386;4.38
2660;18;4077;4.38
2660;20;3965;4.38
2660;24;3857;4.38
2660;27;3782;4.38
2660;30;3713;4.38
2660;36;3678;4.38
2660;40;3662;4.38
2660;45;3605;4.38
2660;48;3622;4.38
2660;54;3574;4.38
2660;60;3553;4.38
2660;72;3580;4.38
2660;80;3554;4.38
2660;90;3602;4.38
2660;108;3580;4.38
2660;120;3561;4.38
2660;135;3539;4.38
2660;144;3577;4.38
2660;180;3527;4.38
2660;216;3567;4.38
2660;240;3565;4.38
2660;270;3552;4.38
2660;360;3552;4.38
2660;432;3595;4.38
2660;540;3546;4.38
2660;720;3483;278.83
2660;1080;3518;4.38
2660;2160;3555;4.38
2680;1;13673;4.32
2680;2;8354;4.32
2680;3;10663;4.32
2680;4;7790;4.32
2680;5;8026;4.32
2680;6;6649;4.32
2680;8;5841;4.32
2680;9;5639;4.32
2680;10;5295;4.32
2680;12;4899;4.32
2680;15;4571;4.32
2680;16;4314;4.32
2680;18;4194;4.32
2680;20;4118;4.32
2680;24;3867;4.32
2680;27;3857;4.32
2680;30;3808;4.32
2680;36;3703;4.32
2680;40;3692;4.32
2680;45;3689;4.32
2680;48;3632;4.32
2680;54;3612;4.32
2680;60;3642;4.32
2680;72;3618;4.32
2680;80;3580;4.32
2680;90;3596;4.32
2680;108;3578;4.32
2680;120;3586;4.32
2680;135;3592;4.32
2680;144;3550;4.32
2680;180;3637;4.32
2680;216;3548;4.32
2680;240;3633;4.32
2680;270;3541;4.32
2680;360;3530;4.32
2680;432;3559;4.32
2680;540;3603;4.32
2680;720;3647;4.32
2680;1080;3601;4.32
2680;2160;3618;4.32
2700;1;13775;4.28
2700;2;8517;4.28
2700;3;10632;4.28
2700;4;8287;4.28
2700;5;8181;4.28
2700;6;6782;4.28
2700;8;5986;4.28
2700;9;5674;4.28
2700;10;5259;4.28
2700;12;4874;4.28
2700;15;4487;4.28
2700;16;4357;4.28
2700;18;4286;4.28
2700;20;4015;4.28
2700;24;3873;4.28
2700;27;3855;4.28
2700;30;3772;4.28
2700;36;3764;4.28
2700;40;3708;4.28
2700;45;3657;4.28
2700;48;3657;4.28
2700;54;3633;4.28
2700;60;3649;4.28
2700;72;3628;4.28
2700;80;3591;4.28
2700;90;3557;4.28
2700;108;3649;4.28
2700;120;3560;4.28
2700;135;3586;4.28
2700;144;3581;4.28
2700;180;3601;4.28
2700;216;3646;4.28
2700;240;3597;4.28
2700;270;3588;4.28
2700;360;3582;4.28
2700;432;3578;4.28
2700;540;3624;4.28
2700;720;3550;4.28
2700;1080;3599;4.28
2700;2160;3623;4.28
2720;1;13864;4.26
2720;2;8818;4.26
2720;3;10800;4.26
2720;4;8467;4.26
2720;5;8431;4.26
2720;6;6687;4.26
2720;8;6277;4.26
2720;9;6007;4.26
2720;10;5531;4.26
2720;12;4995;4.26
2720;15;4553;4.26
2720;16;4383;4.26
2720;18;4289;4.26
2720;20;4208;4.26
2720;24;3928;4.26
2720;27;3898;4.26
2720;30;3831;4.26
2720;36;3723;4.26
2720;40;3704;4.26
2720;45;3709;4.26
2720;48;3661;4.26
2720;54;3685;4.26
2720;60;3659;4.26
2720;72;3644;4.26
2720;80;3685;4.26
2720;90;3627;4.26
2720;108;3709;4.26
2720;120;3692;4.26
2720;135;3584;4.26
2720;144;3612;4.26
2720;180;3601;4.26
2720;216;3568;4.26
2720;240;3601;4.26
2720;270;3658;4.26
2720;360;3606;4.26
2720;432;3599;4.26
2720;540;3638;4.26
2720;720;3639;4.26
2720;1080;3600;4.26
2720;2160;3687;4.26
2740;1;13969;4.21
2740;2;8578;4.21
2740;3;10807;4.21
2740;4;7646;4.21
2740;5;8366;4.21
2740;6;6681;4.21
2740;8;5819;4.21
2740;9;5823;4.21
2740;10;5370;4.21
2740;12;5052;4.21
2740;15;4587;4.21
2740;16;4344;4.21
2740;18;4244;4.21
2740;20;4150;4.21
2740;24;3922;4.21
2740;27;3906;4.21
2740;30;3805;4.21
2740;36;3809;4.21
2740;40;3773;4.21
2740;45;3690;4.21
2740;48;3671;4.21
2740;54;3674;4.21
2740;60;3654;4.21
2740;72;3667;4.21
2740;80;3621;4.21
2740;90;3681;4.21
2740;108;3669;4.21
2740;120;3681;4.21
2740;135;3676;4.21
2740;144;3700;4.21
2740;180;3655;4.21
2740;216;3634;4.21
2740;240;3636;4.21
2740;270;3670;4.21
2740;360;3633;4.21
2740;432;3616;4.21
2740;540;3641;4.21
2740;720;3673;4.21
2740;1080;3661;4.21
2740;2160;3646;4.21
2760;1;14065;4.20
2760;2;8505;4.20
2760;3;10934;4.20
2760;4;8404;4.20
2760;5;8225;4.20
2760;6;7179;4.20
2760;8;5858;4.20
2760;9;5781;4.20
2760;10;5528;4.20
2760;12;5156;4.20
2760;15;4551;4.20
2760;16;4649;4.20
2760;18;4261;4.20
2760;20;4074;4.20
2760;24;3958;4.20
2760;27;3963;4.20
2760;30;3866;4.20
2760;36;3809;4.20
2760;40;3746;4.20
2760;45;3744;4.20
2760;48;3749;4.20
2760;54;3695;4.20
2760;60;3692;4.20
2760;72;3668;4.20
2760;80;3674;4.20
2760;90;3675;4.20
2760;108;3718;4.20
2760;120;3732;4.20
2760;135;3659;4.20
2760;144;3670;4.20
2760;180;3719;4.20
2760;216;3691;4.20
2760;240;3638;4.20
2760;270;3692;4.20
2760;360;3656;4.20
2760;432;3643;4.20
2760;540;3697;4.20
2760;720;3692;4.20
2760;1080;3762;4.20
2760;2160;3664;4.20
2780;1;14173;4.16
2780;2;8445;4.16
2780;3;11002;4.16
2780;4;7759;4.16
2780;5;8331;4.16
2780;6;7555;4.16
2780;8;6502;4.16
2780;9;5826;4.16
2780;10;5606;4.16
2780;12;5171;4.16
2780;15;4659;4.16
2780;16;4445;4.16
2780;18;4284;4.16
2780;20;4143;4.16
2780;24;4028;4.16
2780;27;3928;4.16
2780;30;3871;4.16
2780;36;3859;4.16
2780;40;3748;4.16
2780;45;3702;4.16
2780;48;3799;4.16
2780;54;3710;4.16
2780;60;3724;4.16
2780;72;3712;4.16
2780;80;3678;4.16
2780;90;3667;4.16
2780;108;3672;4.16
2780;120;3678;4.16
2780;135;3659;4.16
2780;144;3661;4.16
2780;180;3686;4.16
2780;216;3666;4.16
2780;240;3675;4.16
2780;270;3712;4.16
2780;360;3666;4.16
2780;432;3728;4.16
2780;540;3672;4.16
2780;720;3656;4.16
2780;1080;3746;15.82
2780;2160;3673;549.21
2800;1;14262;4.14
2800;2;8350;4.14
2800;3;11075;4.14
2800;4;8141;4.14
2800;5;8349;4.14
2800;6;6727;4.14
2800;8;6245;4.14
2800;9;6009;4.14
2800;10;5749;4.14
2800;12;5036;4.14
2800;15;4659;4.14
2800;16;4622;4.14
2800;18;4290;4.14
2800;20;4129;4.14
2800;24;3961;4.14
2800;27;3927;4.14
2800;30;3907;4.14
2800;36;3815;4.14
2800;40;3786;4.14
2800;45;3786;4.14
2800;48;3767;4.14
2800;54;3780;4.14
2800;60;3752;4.14
2800;72;3731;4.14
2800;80;3749;4.14
2800;90;3753;4.14
2800;108;3721;4.14
2800;120;3681;4.14
2800;135;3675;4.14
2800;144;3664;4.14
2800;180;3693;4.14
2800;216;3673;4.14
2800;240;3671;4.14
2800;270;3733;4.14
2800;360;3714;4.14
2800;432;3751;4.14
2800;540;3742;4.14
2800;720;3663;4.14
2800;1080;3738;4.14
2800;2160;3723;4.14
2820;1;14368;4.14
2820;2;8777;4.14
2820;3;11251;4.14
2820;4;8221;4.14
2820;5;8465;4.14
2820;6;7099;4.14
2820;8;5960;4.14
2820;9;5968;4.14
2820;10;5808;4.14
2820;12;5321;4.14
2820;15;4689;4.14
2820;16;4723;4.14
2820;18;4343;4.14
2820;20;4169;4.14
2820;24;4082;4.14
2820;27;3962;4.14
2820;30;3901;4.14
2820;36;3842;4.14
2820;40;3884;4.14
2820;45;3804;4.14
2820;48;3733;4.14
2820;54;3834;4.14
2820;60;3767;4.14
2820;72;3707;4.14
2820;80;3782;4.14
2820;90;3774;4.14
2820;108;3741;4.14
2820;120;3821;4.14
2820;135;3731;4.14
2820;144;3695;4.14
2820;180;3781;4.14
2820;216;3748;4.14
2820;240;3702;4.14
2820;270;3753;4.14
2820;360;3787;4.14
2820;432;3730;4.14
2820;540;3719;4.14
2820;720;3721;4.14
2820;1080;3697;4.14
2820;2160;3740;4.14
2840;1;14443;4.06
2840;2;8684;4.06
2840;3;11299;4.06
2840;4;8103;4.06
2840;5;8494;4.06
2840;6;7353;4.06
2840;8;6122;4.06
2840;9;5922;4.06
2840;10;5383;4.06
2840;12;5091;4.06
2840;15;4759;4.06
2840;16;4512;4.06
2840;18;4405;4.06
2840;20;4318;4.06
2840;24;4081;4.06
2840;27;4053;4.06
2840;30;3951;4.06
2840;36;3907;4.06
2840;40;3902;4.06
2840;45;3845;4.06
2840;48;3793;4.06
2840;54;3837;4.06
2840;60;3780;4.06
2840;72;3743;4.06
2840;80;3713;4.06
2840;90;3766;4.06
2840;108;3751;4.06
2840;120;3732;4.06
2840;135;3765;4.06
2840;144;3709;4.06
2840;180;3738;4.06
2840;216;3758;4.06
2840;240;3767;4.06
2840;270;3732;4.06
2840;360;3763;4.06
2840;432;3715;4.06
2840;540;3829;4.06
2840;720;3748;4.06
2840;1080;3768;4.06
2840;2160;3784;4.06
2860;1;14605;4.04
2860;2;8991;4.04
2860;3;11179;4.04
2860;4;8628;4.04
2860;5;8450;4.04
2860;6;6734;4.04
2860;8;6484;4.04
2860;9;6195;4.04
2860;10;5798;4.04
2860;12;5067;4.04
2860;15;4732;4.04
2860;16;4550;4.04
2860;18;4308;4.04
2860;20;4224;4.04
2860;24;4119;4.04
2860;27;3983;4.04
2860;30;4040;4.04
2860;36;3978;4.04
2860;40;3844;4.04
2860;45;3863;4.04
2860;48;3813;4.04
2860;54;3845;4.04
2860;60;3888;4.04
2860;72;3789;4.04
2860;80;3779;4.04
2860;90;3746;4.04
2860;108;3767;4.04
2860;120;3748;4.04
2860;135;3805;4.04
2860;144;3826;4.04
2860;180;3777;4.04
2860;216;3731;4.04
2860;240;3755;4.04
2860;270;3757;4.04
2860;360;3769;4.04
2860;432;3751;4.04
2860;540;3747;4.04
2860;720;3763;4.04
2860;1080;3708;4.04
2860;2160;3787;4.04
2880;1;14650;3.99
2880;2;8853;3.99
2880;3;11447;3.99
2880;4;8241;3.99
2880;5;8556;3.99
2880;6;7589;3.99
2880;8;6012;3.99
2880;9;6096;3.99
2880;10;5564;3.99
2880;12;5176;3.99
2880;15;4698;3.99
2880;16;4534;3.99
2880;18;4417;3.99
2880;20;4343;3.99
2880;24;4189;3.99
2880;27;4007;3.99
2880;30;4006;3.99
2880;36;3876;3.99
2880;40;3896;3.99
2880;45;3829;3.99
2880;48;3837;3.99
2880;54;3815;3.99
2880;60;3791;3.99
2880;72;3797;3.99
2880;80;3806;3.99
2880;90;3785;3.99
2880;108;3779;3.99
2880;120;3798;3.99
2880;135;3822;3.99
2880;144;3841;3.99
2880;180;3842;3.99
2880;216;3772;3.99
2880;240;3813;3.99
2880;270;3801;3.99
2880;360;3751;3.99
2880;432;3811;3.99
2880;540;3731;3.99
2880;720;3731;3.99
2880;1080;3843;3.99
2880;2160;3810;3.99
2900;1;14736;3.96
2900;2;8149;3.96
2900;3;11335;3.96
2900;4;8266;3.96
2900;5;8627;3.96
2900;6;7240;3.96
2900;8;6454;3.96
2900;9;6184;3.96
2900;10;5687;3.96
2900;12;5285;3.96
2900;15;4755;3.96
2900;16;4641;3.96
2900;18;4425;3.96
2900;20;4401;3.96
2900;24;4166;3.96
2900;27;4066;3.96
2900;30;4077;3.96
2900;36;3914;3.96
2900;40;3914;3.96
2900;45;3866;3.96
2900;48;3851;3.96
2900;54;3883;3.96
2900;60;3890;3.96
2900;72;3848;3.96
2900;80;3853;3.96
2900;90;3812;3.96
2900;108;3797;3.96
2900;120;3795;3.96
2900;135;3826;3.96
2900;144;3842;3.96
2900;180;3875;3.96
2900;216;3788;3.96
2900;240;3782;3.96
2900;270;3856;3.96
2900;360;3761;3.96
2900;432;3762;3.96
2900;540;3780;3.96
2900;720;3823;3.96
2900;1080;3828;3.96
2900;2160;3804;3.96
2920;1;14858;3.93
2920;2;8559;3.93
2920;3;11549;3.93
2920;4;9007;3.93
2920;5;8672;3.93
2920;6;7238;3.93
2920;8;6110;3.93
2920;9;6160;3.93
2920;10;5563;3.93
2920;12;5397;3.93
2920;15;4904;3.93
2920;16;4602;3.93
2920;18;4448;3.93
2920;20;4311;3.93
2920;24;4170;3.93
2920;27;4135;3.93
2920;30;3960;3.93
2920;36;3980;3.93
2920;40;3950;3.93
2920;45;3907;3.93
2920;48;3924;3.93
2920;54;3906;3.93
2920;60;3851;3.93
2920;72;3885;3.93
2920;80;3831;3.93
2920;90;3833;3.93
2920;108;3879;3.93
2920;120;3858;3.93
2920;135;3829;3.93
2920;144;3837;3.93
2920;180;3908;3.93
2920;216;3857;3.93
2920;240;3816;3.93
2920;270;4178;3.93
2920;360;3820;3.93
2920;432;3812;3.93
2920;540;3763;3.93
2920;720;3795;3.93
2920;1080;3842;3.93
2920;2160;3878;3.93
2940;1;14928;3.91
2940;2;8982;3.91
2940;3;11634;3.91
2940;4;8574;3.91
2940;5;8852;3.91
2940;6;7165;3.91
2940;8;6487;3.91
2940;9;6203;3.91
2940;10;5584;3.91
2940;12;5187;3.91
2940;15;4744;3.91
2940;16;4715;3.91
2940;18;4500;3.91
2940;20;4315;3.91
2940;24;4200;3.91
2940;27;4110;3.91
2940;30;4089;3.91
2940;36;3984;3.91
2940;40;3941;3.91
2940;45;3900;3.91
2940;48;3965;3.91
2940;54;3888;3.91
2940;60;3879;3.91
2940;72;3829;3.91
2940;80;3792;3.91
2940;90;3826;3.91
2940;108;3841;3.91
2940;120;3880;3.91
2940;135;3827;3.91
2940;144;3863;3.91
2940;180;3841;3.91
2940;216;3893;3.91
2940;240;3881;3.91
2940;270;3935;3.91
2940;360;3817;3.91
2940;432;3851;3.91
2940;540;3847;3.91
2940;720;3870;3.91
2940;1080;3900;3.91
2940;2160;3870;3.91
2960;1;15046;3.86
2960;2;9540;3.86
2960;3;11760;3.86
2960;4;8306;3.86
2960;5;8797;3.86
2960;6;7900;3.86
2960;8;6068;3.86
2960;9;6276;3.86
2960;10;5671;3.86
2960;12;5488;3.86
2960;15;4828;3.86
2960;16;4705;3.86
2960;18;4510;3.86
2960;20;4455;3.86
2960;24;4277;3.86
2960;27;4162;3.86
2960;30;4018;3.86
2960;36;3981;3.86
2960;40;4019;3.86
2960;45;3990;3.86
2960;48;3988;3.86
2960;54;3916;3.86
2960;60;3900;3.86
2960;72;3870;3.86
2960;80;3902;3.86
2960;90;3863;3.86
2960;108;3906;3.86
2960;120;3873;3.86
2960;135;3829;3.86
2960;144;3828;3.86
2960;180;3823;3.86
2960;216;3857;3.86
2960;240;3893;3.86
2960;270;3898;3.86
2960;360;3854;272.81
2960;432;3858;3.86
2960;540;3950;3.86
2960;720;3846;3.86
2960;1080;3838;3.86
2960;2160;3991;3.86
2980;1;15099;3.79
2980;2;9022;3.79
2980;3;11750;3.79
2980;4;8893;3.79
2980;5;8979;3.79
2980;6;6907;3.79
2980;8;6627;3.79
2980;9;6176;3.79
2980;10;5782;3.79
2980;12;5389;3.79
2980;15;4901;3.79
2980;16;4753;3.79
2980;18;4580;3.79
2980;20;4382;3.79
2980;24;4231;3.79
2980;27;4136;3.79
2980;30;4153;3.79
2980;36;4083;3.79
2980;40;3966;3.79
2980;45;4004;3.79
2980;48;3982;3.79
2980;54;3943;3.79
2980;60;4015;3.79
2980;72;3979;3.79
2980;80;3954;3.79
2980;90;3943;3.79
2980;108;3953;3.79
2980;120;3924;3.79
2980;135;3946;3.79
2980;144;3925;3.79
2980;180;3904;3.79
2980;216;3879;3.79
2980;240;3863;3.79
2980;270;3898;3.79
2980;360;3818;3.79
2980;432;3881;3.79
2980;540;3865;3.79
2980;720;3906;3.79
2980;1080;3923;3.79
2980;2160;3900;3.79
3000;1;15240;3.75
3000;2;8918;3.75
3000;3;11890;3.75
3000;4;8837;3.75
3000;5;8838;3.75
3000;6;7508;3.75
3000;8;6301;3.75
3000;9;6347;3.75
3000;10;5929;3.75
3000;12;5381;3.75
3000;15;4976;3.75
3000;16;4806;3.75
3000;18;4645;3.75
3000;20;4407;3.75
3000;24;4316;3.75
3000;27;4166;3.75
3000;30;4147;3.75
3000;36;4010;3.75
3000;40;4009;3.75
3000;45;4006;3.75
3000;48;4030;3.75
3000;54;3981;3.75
3000;60;3936;3.75
3000;72;3961;3.75
3000;80;4015;3.75
3000;90;3993;3.75
3000;108;3916;3.75
3000;120;3988;3.75
3000;135;3942;3.75
3000;144;3952;3.75
3000;180;3872;3.75
3000;216;3931;3.75
3000;240;3910;3.75
3000;270;3923;3.75
3000;360;4006;3.75
3000;432;3930;3.75
3000;540;3893;3.75
3000;720;3977;3.75
3000;1080;3950;3.75
3000;2160;3923;3.75
