Iterations;Goroutines;ExecutionTime(ms)
10;1;664
10;21;705
10;41;674
10;61;674
10;81;705
10;101;676
10;121;684
10;141;659
10;161;683
10;181;675
10;201;650
10;221;657
10;241;678
10;261;644
10;281;669
10;301;712
10;321;640
10;341;703
10;361;684
10;381;682
10;401;649
10;421;625
10;441;657
10;461;629
10;481;642
10;501;639
10;521;637
10;541;661
10;561;662
10;581;671
10;601;700
10;621;658
10;641;649
10;661;684
10;681;674
10;701;677
10;721;661
10;741;653
10;761;645
10;781;645
10;801;634
10;821;641
10;841;703
10;861;678
10;881;706
10;901;663
10;921;655
10;941;643
10;961;675
10;981;666
10;1001;659
10;1021;637
10;1041;622
10;1061;709
10;1081;644
10;1101;697
10;1121;650
10;1141;730
10;1161;669
10;1181;653
10;1201;705
10;1221;689
10;1241;665
10;1261;680
10;1281;677
10;1301;698
10;1321;643
10;1341;656
10;1361;664
10;1381;666
10;1401;673
10;1421;660
10;1441;731
10;1461;668
10;1481;678
10;1501;683
10;1521;673
10;1541;664
10;1561;666
10;1581;666
10;1601;628
10;1621;664
10;1641;653
10;1661;691
10;1681;673
10;1701;631
10;1721;631
10;1741;665
10;1761;659
10;1781;662
10;1801;658
10;1821;651
10;1841;666
10;1861;640
10;1881;648
10;1901;640
10;1921;649
10;1941;643
10;1961;659
10;1981;642
50;1;667
50;21;725
50;41;714
50;61;665
50;81;680
50;101;736
50;121;805
50;141;670
50;161;681
50;181;692
50;201;675
50;221;675
50;241;697
50;261;676
50;281;647
50;301;643
50;321;618
50;341;669
50;361;632
50;381;655
50;401;680
50;421;660
50;441;668
50;461;674
50;481;641
50;501;690
50;521;683
50;541;678
50;561;642
50;581;639
50;601;668
50;621;663
50;641;652
50;661;665
50;681;648
50;701;673
50;721;653
50;741;678
50;761;633
50;781;652
50;801;650
50;821;668
50;841;661
50;861;634
50;881;651
50;901;656
50;921;657
50;941;645
50;961;645
50;981;677
50;1001;675
50;1021;693
50;1041;684
50;1061;693
50;1081;670
50;1101;669
50;1121;707
50;1141;674
50;1161;661
50;1181;667
50;1201;697
50;1221;677
50;1241;641
50;1261;690
50;1281;675
50;1301;661
50;1321;675
50;1341;674
50;1361;669
50;1381;660
50;1401;636
50;1421;674
50;1441;642
50;1461;647
50;1481;670
50;1501;658
50;1521;731
50;1541;629
50;1561;655
50;1581;658
50;1601;665
50;1621;617
50;1641;647
50;1661;657
50;1681;629
50;1701;652
50;1721;639
50;1741;650
50;1761;671
50;1781;688
50;1801;649
50;1821;629
50;1841;652
50;1861;660
50;1881;699
50;1901;663
50;1921;661
50;1941;684
50;1961;665
50;1981;677
90;1;677
90;21;661
90;41;674
90;61;675
90;81;671
90;101;703
90;121;687
90;141;656
90;161;649
90;181;662
90;201;637
90;221;647
90;241;660
90;261;680
90;281;710
90;301;643
90;321;638
90;341;667
90;361;670
90;381;680
90;401;664
90;421;649
90;441;634
90;461;667
90;481;621
90;501;655
90;521;654
90;541;710
90;561;646
90;581;663
90;601;659
90;621;672
90;641;665
90;661;651
90;681;681
90;701;695
90;721;669
90;741;678
90;761;670
90;781;656
90;801;681
90;821;692
90;841;636
90;861;668
90;881;696
90;901;657
90;921;675
90;941;656
90;961;666
90;981;664
90;1001;651
90;1021;700
90;1041;691
90;1061;666
90;1081;716
90;1101;686
90;1121;671
90;1141;665
90;1161;659
90;1181;662
90;1201;674
90;1221;706
90;1241;663
90;1261;649
90;1281;695
90;1301;660
90;1321;697
90;1341;668
90;1361;680
90;1381;650
90;1401;646
90;1421;640
90;1441;673
90;1461;660
90;1481;659
90;1501;652
90;1521;679
90;1541;629
90;1561;641
90;1581;699
90;1601;663
90;1621;668
90;1641;660
90;1661;706
90;1681;660
90;1701;647
90;1721;673
90;1741;649
90;1761;665
90;1781;742
90;1801;684
90;1821;656
90;1841;670
90;1861;673
90;1881;678
90;1901;683
90;1921;672
90;1941;679
90;1961;676
90;1981;699
130;1;674
130;21;707
130;41;639
130;61;673
130;81;681
130;101;657
130;121;684
130;141;658
130;161;660
130;181;639
130;201;651
130;221;659
130;241;649
130;261;664
130;281;646
130;301;646
130;321;649
130;341;663
130;361;677
130;381;694
130;401;654
130;421;687
130;441;639
130;461;678
130;481;685
130;501;660
130;521;641
130;541;630
130;561;695
130;581;655
130;601;677
130;621;690
130;641;685
130;661;645
130;681;668
130;701;694
130;721;652
130;741;656
130;761;641
130;781;654
130;801;637
130;821;686
130;841;712
130;861;714
130;881;682
130;901;713
130;921;677
130;941;668
130;961;653
130;981;671
130;1001;691
130;1021;655
130;1041;675
130;1061;627
130;1081;702
130;1101;672
130;1121;656
130;1141;639
130;1161;655
130;1181;671
130;1201;685
130;1221;693
130;1241;688
130;1261;671
130;1281;653
130;1301;707
130;1321;647
130;1341;666
130;1361;643
130;1381;638
130;1401;695
130;1421;652
130;1441;677
130;1461;674
130;1481;655
130;1501;695
130;1521;636
130;1541;635
130;1561;701
130;1581;659
130;1601;665
130;1621;692
130;1641;671
130;1661;715
130;1681;638
130;1701;651
130;1721;652
130;1741;723
130;1761;649
130;1781;687
130;1801;662
130;1821;676
130;1841;726
130;1861;691
130;1881;702
130;1901;663
130;1921;652
130;1941;698
130;1961;671
130;1981;708
170;1;690
170;21;651
170;41;721
170;61;704
170;81;775
170;101;663
170;121;677
170;141;742
170;161;709
170;181;736
170;201;685
170;221;705
170;241;694
170;261;674
170;281;691
170;301;656
170;321;661
170;341;632
170;361;671
170;381;665
170;401;703
170;421;667
170;441;673
170;461;664
170;481;659
170;501;661
170;521;644
170;541;673
170;561;650
170;581;655
170;601;689
170;621;642
170;641;677
170;661;637
170;681;691
170;701;651
170;721;674
170;741;666
170;761;668
170;781;682
170;801;661
170;821;693
170;841;679
170;861;686
170;881;679
170;901;664
170;921;673
170;941;676
170;961;693
170;981;707
170;1001;633
170;1021;664
170;1041;663
170;1061;666
170;1081;665
170;1101;663
170;1121;696
170;1141;663
170;1161;639
170;1181;641
170;1201;675
170;1221;690
170;1241;662
170;1261;701
170;1281;675
170;1301;660
170;1321;650
170;1341;635
170;1361;658
170;1381;670
170;1401;672
170;1421;645
170;1441;679
170;1461;660
170;1481;688
170;1501;648
170;1521;665
170;1541;673
170;1561;658
170;1581;646
170;1601;662
170;1621;668
170;1641;691
170;1661;661
170;1681;669
170;1701;670
170;1721;781
170;1741;749
170;1761;760
170;1781;761
170;1801;771
170;1821;690
170;1841;748
170;1861;744
170;1881;752
170;1901;729
170;1921;728
170;1941;804
170;1961;763
170;1981;794
210;1;786
210;21;788
210;41;772
210;61;762
210;81;743
210;101;762
210;121;770
210;141;773
210;161;783
210;181;739
210;201;777
210;221;770
210;241;775
210;261;787
210;281;744
210;301;749
210;321;767
210;341;747
210;361;806
210;381;760
210;401;754
210;421;786
210;441;729
210;461;723
210;481;721
210;501;710
210;521;680
210;541;702
210;561;691
210;581;722
210;601;720
210;621;748
210;641;738
210;661;701
210;681;728
210;701;709
210;721;746
210;741;697
210;761;704
210;781;711
210;801;709
210;821;707
210;841;681
210;861;696
210;881;690
210;901;674
210;921;681
210;941;673
210;961;674
210;981;690
210;1001;678
210;1021;666
210;1041;704
210;1061;644
210;1081;688
210;1101;719
210;1121;719
210;1141;724
210;1161;687
210;1181;697
210;1201;675
210;1221;670
210;1241;985
210;1261;914
210;1281;838
210;1301;715
210;1321;846
210;1341;767
210;1361;775
210;1381;788
210;1401;770
210;1421;824
210;1441;745
210;1461;767
210;1481;783
210;1501;743
210;1521;734
210;1541;739
210;1561;761
210;1581;748
210;1601;772
210;1621;796
210;1641;846
210;1661;749
210;1681;743
210;1701;745
210;1721;728
210;1741;765
210;1761;782
210;1781;733
210;1801;727
210;1821;839
210;1841;780
210;1861;811
210;1881;858
210;1901;892
210;1921;854
210;1941;799
210;1961;808
210;1981;914
250;1;844
250;21;835
250;41;880
250;61;847
250;81;814
250;101;857
250;121;859
250;141;874
250;161;823
250;181;877
250;201;841
250;221;835
250;241;786
250;261;848
250;281;819
250;301;822
250;321;807
250;341;807
250;361;811
250;381;819
250;401;852
250;421;814
250;441;773
250;461;834
250;481;754
250;501;799
250;521;780
250;541;765
250;561;764
250;581;736
250;601;760
250;621;740
250;641;701
250;661;743
250;681;743
250;701;690
250;721;718
250;741;813
250;761;784
250;781;724
250;801;750
250;821;706
250;841;727
250;861;723
250;881;691
250;901;714
250;921;780
250;941;702
250;961;717
250;981;701
250;1001;697
250;1021;775
250;1041;732
250;1061;700
250;1081;747
250;1101;714
250;1121;730
250;1141;715
250;1161;698
250;1181;684
250;1201;733
250;1221;701
250;1241;717
250;1261;695
250;1281;739
250;1301;722
250;1321;716
250;1341;732
250;1361;711
250;1381;713
250;1401;700
250;1421;736
250;1441;694
250;1461;692
250;1481;695
250;1501;699
250;1521;681
250;1541;717
250;1561;717
250;1581;712
250;1601;744
250;1621;736
250;1641;703
250;1661;732
250;1681;683
250;1701;697
250;1721;671
250;1741;720
250;1761;698
250;1781;717
250;1801;695
250;1821;749
250;1841;693
250;1861;724
250;1881;758
250;1901;757
250;1921;702
250;1941;718
250;1961;696
250;1981;689
290;1;699
290;21;719
290;41;681
290;61;692
290;81;708
290;101;685
290;121;688
290;141;706
290;161;717
290;181;700
290;201;690
290;221;699
290;241;717
290;261;727
290;281;678
290;301;712
290;321;730
290;341;694
290;361;710
290;381;696
290;401;726
290;421;682
290;441;703
290;461;716
290;481;694
290;501;686
290;521;718
290;541;702
290;561;746
290;581;702
290;601;692
290;621;693
290;641;673
290;661;710
290;681;684
290;701;713
290;721;701
290;741;745
290;761;731
290;781;737
290;801;853
290;821;743
290;841;682
290;861;629
290;881;645
290;901;675
290;921;646
290;941;686
290;961;683
290;981;662
290;1001;645
290;1021;674
290;1041;695
290;1061;653
290;1081;696
290;1101;646
290;1121;641
290;1141;658
290;1161;666
290;1181;717
290;1201;702
290;1221;660
290;1241;698
290;1261;686
290;1281;664
290;1301;679
290;1321;704
290;1341;726
290;1361;664
290;1381;655
290;1401;670
290;1421;656
290;1441;647
290;1461;666
290;1481;665
290;1501;681
290;1521;664
290;1541;679
290;1561;674
290;1581;678
290;1601;668
290;1621;657
290;1641;672
290;1661;683
290;1681;654
290;1701;690
290;1721;653
290;1741;690
290;1761;688
290;1781;704
290;1801;691
290;1821;679
290;1841;659
290;1861;680
290;1881;677
290;1901;682
290;1921;678
290;1941;693
290;1961;671
290;1981;687
330;1;659
330;21;665
330;41;675
330;61;669
330;81;720
330;101;657
330;121;686
330;141;680
330;161;643
330;181;656
330;201;686
330;221;662
330;241;681
330;261;673
330;281;680
330;301;679
330;321;653
330;341;682
330;361;709
330;381;656
330;401;669
330;421;669
330;441;658
330;461;653
330;481;661
330;501;683
330;521;655
330;541;725
330;561;689
330;581;678
330;601;736
330;621;721
330;641;644
330;661;641
330;681;709
330;701;643
330;721;675
330;741;663
330;761;693
330;781;652
330;801;662
330;821;666
330;841;724
330;861;659
330;881;689
330;901;653
330;921;655
330;941;641
330;961;696
330;981;676
330;1001;713
330;1021;659
330;1041;693
330;1061;670
330;1081;667
330;1101;708
330;1121;665
330;1141;657
330;1161;670
330;1181;657
330;1201;667
330;1221;652
330;1241;631
330;1261;685
330;1281;684
330;1301;671
330;1321;659
330;1341;668
330;1361;669
330;1381;661
330;1401;656
330;1421;680
330;1441;679
330;1461;689
330;1481;663
330;1501;669
330;1521;679
330;1541;688
330;1561;669
330;1581;692
330;1601;653
330;1621;666
330;1641;673
330;1661;672
330;1681;754
330;1701;675
330;1721;677
330;1741;642
330;1761;662
330;1781;684
330;1801;700
330;1821;648
330;1841;663
330;1861;690
330;1881;672
330;1901;637
330;1921;653
330;1941;708
330;1961;670
330;1981;679
370;1;690
370;21;681
370;41;636
370;61;680
370;81;676
370;101;663
370;121;676
370;141;669
370;161;656
370;181;680
370;201;661
370;221;657
370;241;666
370;261;671
370;281;648
370;301;650
370;321;684
370;341;636
370;361;663
370;381;646
370;401;651
370;421;671
370;441;659
370;461;672
370;481;661
370;501;662
370;521;672
370;541;653
370;561;643
370;581;650
370;601;647
370;621;677
370;641;678
370;661;685
370;681;671
370;701;670
370;721;659
370;741;652
370;761;715
370;781;675
370;801;679
370;821;673
370;841;659
370;861;652
370;881;768
370;901;696
370;921;667
370;941;689
370;961;673
370;981;698
370;1001;672
370;1021;647
370;1041;676
370;1061;650
370;1081;677
370;1101;665
370;1121;686
370;1141;653
370;1161;634
370;1181;660
370;1201;663
370;1221;661
370;1241;720
370;1261;692
370;1281;666
370;1301;659
370;1321;699
370;1341;670
370;1361;659
370;1381;682
370;1401;652
370;1421;653
370;1441;675
370;1461;647
370;1481;653
370;1501;662
370;1521;690
370;1541;664
370;1561;658
370;1581;669
370;1601;753
370;1621;726
370;1641;737
370;1661;742
370;1681;729
370;1701;727
370;1721;715
370;1741;702
370;1761;708
370;1781;734
370;1801;697
370;1821;702
370;1841;649
370;1861;681
370;1881;652
370;1901;690
370;1921;747
370;1941;644
370;1961;673
370;1981;681
410;1;663
410;21;670
410;41;686
410;61;673
410;81;729
410;101;681
410;121;672
410;141;675
410;161;690
410;181;699
410;201;676
410;221;659
410;241;683
410;261;648
410;281;663
410;301;685
410;321;654
410;341;708
410;361;665
410;381;702
410;401;704
410;421;651
410;441;669
410;461;651
410;481;675
410;501;673
410;521;642
410;541;689
410;561;657
410;581;666
410;601;692
410;621;722
410;641;649
410;661;648
410;681;695
410;701;691
410;721;666
410;741;674
410;761;658
410;781;675
410;801;667
410;821;689
410;841;655
410;861;663
410;881;660
410;901;649
410;921;679
410;941;676
410;961;714
410;981;648
410;1001;668
410;1021;707
410;1041;675
410;1061;691
410;1081;655
410;1101;658
410;1121;677
410;1141;676
410;1161;670
410;1181;688
410;1201;659
410;1221;693
410;1241;694
410;1261;682
410;1281;686
410;1301;685
410;1321;691
410;1341;688
410;1361;674
410;1381;656
410;1401;677
410;1421;661
410;1441;662
410;1461;679
410;1481;692
410;1501;714
410;1521;731
410;1541;706
410;1561;710
410;1581;692
410;1601;710
410;1621;731
410;1641;694
410;1661;717
410;1681;724
410;1701;722
410;1721;689
410;1741;732
410;1761;727
410;1781;724
410;1801;719
410;1821;781
410;1841;696
410;1861;719
410;1881;714
410;1901;747
410;1921;707
410;1941;715
410;1961;663
410;1981;655
450;1;651
450;21;649
450;41;652
450;61;700
450;81;666
450;101;674
450;121;658
450;141;663
450;161;664
450;181;689
450;201;693
450;221;662
450;241;658
450;261;670
450;281;663
450;301;665
450;321;682
450;341;667
450;361;663
450;381;672
450;401;675
450;421;690
450;441;685
450;461;725
450;481;684
450;501;649
450;521;678
450;541;709
450;561;676
450;581;642
450;601;642
450;621;621
450;641;686
450;661;649
450;681;665
450;701;662
450;721;668
450;741;672
450;761;693
450;781;657
450;801;678
450;821;682
450;841;602
450;861;663
450;881;667
450;901;659
450;921;679
450;941;674
450;961;662
450;981;677
450;1001;662
450;1021;656
450;1041;686
450;1061;715
450;1081;726
450;1101;663
450;1121;674
450;1141;648
450;1161;726
450;1181;669
450;1201;708
450;1221;685
450;1241;682
450;1261;671
450;1281;669
450;1301;658
450;1321;651
450;1341;698
450;1361;693
450;1381;770
450;1401;747
450;1421;709
450;1441;730
450;1461;728
450;1481;752
450;1501;740
450;1521;714
450;1541;710
450;1561;707
450;1581;689
450;1601;657
450;1621;680
450;1641;669
450;1661;630
450;1681;684
450;1701;689
450;1721;659
450;1741;665
450;1761;685
450;1781;672
450;1801;698
450;1821;681
450;1841;672
450;1861;726
450;1881;642
450;1901;661
450;1921;673
450;1941;678
450;1961;697
450;1981;652
490;1;716
490;21;645
490;41;667
490;61;693
490;81;637
490;101;634
490;121;643
490;141;666
490;161;692
490;181;690
490;201;655
490;221;668
490;241;669
490;261;692
490;281;693
490;301;658
490;321;697
490;341;667
490;361;675
490;381;665
490;401;687
490;421;656
490;441;642
490;461;686
490;481;656
490;501;650
490;521;680
490;541;662
490;561;671
490;581;702
490;601;677
490;621;669
490;641;660
490;661;673
490;681;653
490;701;659
490;721;651
490;741;680
490;761;649
490;781;669
490;801;667
490;821;668
490;841;707
490;861;672
490;881;677
490;901;687
490;921;709
490;941;668
490;961;663
490;981;653
490;1001;660
490;1021;668
490;1041;649
490;1061;658
490;1081;676
490;1101;658
490;1121;684
490;1141;693
490;1161;697
490;1181;667
490;1201;661
490;1221;641
490;1241;760
490;1261;741
490;1281;693
490;1301;708
490;1321;703
490;1341;709
490;1361;690
490;1381;713
490;1401;695
490;1421;738
490;1441;708
490;1461;675
490;1481;714
490;1501;771
490;1521;719
490;1541;740
490;1561;718
490;1581;735
490;1601;729
490;1621;737
490;1641;735
490;1661;725
490;1681;742
490;1701;705
490;1721;770
490;1741;774
490;1761;761
490;1781;760
490;1801;783
490;1821;712
490;1841;735
490;1861;739
490;1881;776
490;1901;724
490;1921;672
490;1941;668
490;1961;630
490;1981;665
530;1;671
530;21;689
530;41;678
530;61;675
530;81;689
530;101;638
530;121;662
530;141;645
530;161;654
530;181;659
530;201;656
530;221;652
530;241;695
530;261;666
530;281;701
530;301;642
530;321;664
530;341;705
530;361;677
530;381;658
530;401;657
530;421;666
530;441;640
530;461;671
530;481;676
530;501;682
530;521;676
530;541;692
530;561;658
530;581;684
530;601;700
530;621;653
530;641;668
530;661;713
530;681;3330
530;701;1910
530;721;1786
530;741;1205
530;761;1154
530;781;1196
530;801;1102
530;821;1027
530;841;1230
530;861;960
530;881;1151
530;901;997
530;921;1232
530;941;1228
530;961;1195
530;981;901
530;1001;1224
530;1021;853
530;1041;882
530;1061;924
530;1081;862
530;1101;1143
530;1121;1179
530;1141;1124
530;1161;1085
530;1181;1152
530;1201;894
530;1221;909
530;1241;959
530;1261;1184
530;1281;1121
530;1301;1043
530;1321;1117
530;1341;925
530;1361;868
530;1381;1168
530;1401;959
530;1421;959
530;1441;1249
530;1461;1187
530;1481;1267
530;1501;1125
530;1521;1453
530;1541;1359
530;1561;1329
530;1581;1187
530;1601;1343
530;1621;1277
530;1641;1387
530;1661;1254
530;1681;1734
530;1701;1439
530;1721;1369
530;1741;1263
530;1761;1252
530;1781;1043
530;1801;755
530;1821;745
530;1841;751
530;1861;775
530;1881;663
530;1901;724
530;1921;684
530;1941;649
530;1961;654
530;1981;685
570;1;717
570;21;660
570;41;786
570;61;751
570;81;711
570;101;762
570;121;701
570;141;714
570;161;732
570;181;624
570;201;666
570;221;682
570;241;757
570;261;673
570;281;649
570;301;633
570;321;673
570;341;650
570;361;703
570;381;720
570;401;722
570;421;691
570;441;669
570;461;657
570;481;722
570;501;643
570;521;686
570;541;661
570;561;634
570;581;645
570;601;688
570;621;660
570;641;659
570;661;662
570;681;646
570;701;690
570;721;675
570;741;631
570;761;706
570;781;690
570;801;717
570;821;663
570;841;665
570;861;715
570;881;679
570;901;651
570;921;657
570;941;670
570;961;664
570;981;662
570;1001;649
570;1021;639
570;1041;663
570;1061;660
570;1081;705
570;1101;683
570;1121;660
570;1141;664
570;1161;636
570;1181;658
570;1201;641
570;1221;659
570;1241;671
570;1261;682
570;1281;684
570;1301;670
570;1321;667
570;1341;666
570;1361;673
570;1381;651
570;1401;658
570;1421;661
570;1441;674
570;1461;651
570;1481;662
570;1501;633
570;1521;647
570;1541;651
570;1561;663
570;1581;698
570;1601;657
570;1621;645
570;1641;669
570;1661;676
570;1681;691
570;1701;645
570;1721;644
570;1741;652
570;1761;645
570;1781;675
570;1801;655
570;1821;689
570;1841;654
570;1861;690
570;1881;702
570;1901;674
570;1921;678
570;1941;724
570;1961;685
570;1981;719
610;1;674
610;21;670
610;41;684
610;61;730
610;81;635
610;101;641
610;121;642
610;141;688
610;161;676
610;181;647
610;201;663
610;221;646
610;241;676
610;261;726
610;281;761
610;301;781
610;321;779
610;341;735
610;361;690
610;381;729
610;401;706
610;421;707
610;441;732
610;461;671
610;481;650
610;501;646
610;521;664
610;541;661
610;561;669
610;581;658
610;601;668
610;621;667
610;641;676
610;661;647
610;681;675
610;701;727
610;721;681
610;741;632
610;761;666
610;781;633
610;801;671
610;821;663
610;841;689
610;861;664
610;881;641
610;901;652
610;921;641
610;941;692
610;961;668
610;981;648
610;1001;739
610;1021;670
610;1041;665
610;1061;661
610;1081;672
610;1101;654
610;1121;656
610;1141;695
610;1161;701
610;1181;683
610;1201;694
610;1221;678
610;1241;659
610;1261;637
610;1281;695
610;1301;663
610;1321;656
610;1341;640
610;1361;697
610;1381;677
610;1401;653
610;1421;662
610;1441;654
610;1461;643
610;1481;657
610;1501;679
610;1521;655
610;1541;655
610;1561;678
610;1581;667
610;1601;652
610;1621;669
610;1641;677
610;1661;697
610;1681;731
610;1701;663
610;1721;707
610;1741;673
610;1761;689
610;1781;701
610;1801;662
610;1821;636
610;1841;663
610;1861;660
610;1881;671
610;1901;665
610;1921;671
610;1941;669
610;1961;667
610;1981;658
650;1;690
650;21;662
650;41;684
650;61;670
650;81;672
650;101;645
650;121;652
650;141;711
650;161;651
650;181;674
650;201;671
650;221;638
650;241;674
650;261;680
650;281;698
650;301;665
650;321;665
650;341;643
650;361;686
650;381;674
650;401;627
650;421;676
650;441;645
650;461;685
650;481;639
650;501;658
650;521;679
650;541;705
650;561;688
650;581;662
650;601;652
650;621;654
650;641;653
650;661;676
650;681;679
650;701;673
650;721;668
650;741;682
650;761;667
650;781;685
650;801;683
650;821;659
650;841;670
650;861;666
650;881;655
650;901;663
650;921;656
650;941;660
650;961;658
650;981;675
650;1001;714
650;1021;633
650;1041;692
650;1061;662
650;1081;673
650;1101;701
650;1121;680
650;1141;641
650;1161;675
650;1181;646
650;1201;661
650;1221;663
650;1241;681
650;1261;660
650;1281;667
650;1301;639
650;1321;669
650;1341;672
650;1361;654
650;1381;638
650;1401;682
650;1421;635
650;1441;665
650;1461;676
650;1481;678
650;1501;658
650;1521;659
650;1541;661
650;1561;726
650;1581;662
650;1601;677
650;1621;677
650;1641;672
650;1661;662
650;1681;641
650;1701;666
650;1721;692
650;1741;680
650;1761;642
650;1781;656
650;1801;666
650;1821;658
650;1841;684
650;1861;655
650;1881;686
650;1901;665
650;1921;694
650;1941;650
650;1961;684
650;1981;657
690;1;716
690;21;669
690;41;640
690;61;636
690;81;669
690;101;672
690;121;660
690;141;635
690;161;656
690;181;640
690;201;750
690;221;654
690;241;740
690;261;664
690;281;673
690;301;643
690;321;699
690;341;650
690;361;672
690;381;690
690;401;649
690;421;630
690;441;724
690;461;681
690;481;664
690;501;650
690;521;718
690;541;696
690;561;633
690;581;712
690;601;684
690;621;669
690;641;640
690;661;665
690;681;672
690;701;647
690;721;637
690;741;647
690;761;676
690;781;652
690;801;674
690;821;667
690;841;661
690;861;663
690;881;684
690;901;652
690;921;670
690;941;700
690;961;646
690;981;667
690;1001;670
690;1021;644
690;1041;698
690;1061;684
690;1081;660
690;1101;662
690;1121;661
690;1141;678
690;1161;676
690;1181;646
690;1201;654
690;1221;660
690;1241;674
690;1261;686
690;1281;681
690;1301;695
690;1321;688
690;1341;685
690;1361;699
690;1381;662
690;1401;683
690;1421;668
690;1441;689
690;1461;669
690;1481;712
690;1501;673
690;1521;663
690;1541;681
690;1561;663
690;1581;635
690;1601;691
690;1621;672
690;1641;650
690;1661;636
690;1681;653
690;1701;736
690;1721;701
690;1741;685
690;1761;660
690;1781;659
690;1801;690
690;1821;656
690;1841;661
690;1861;640
690;1881;693
690;1901;651
690;1921;658
690;1941;679
690;1961;653
690;1981;679
730;1;666
730;21;668
730;41;679
730;61;683
730;81;672
730;101;630
730;121;690
730;141;658
730;161;681
730;181;642
730;201;666
730;221;672
730;241;656
730;261;674
730;281;662
730;301;641
730;321;653
730;341;663
730;361;648
730;381;652
730;401;670
730;421;671
730;441;668
730;461;691
730;481;674
730;501;652
730;521;670
730;541;678
730;561;667
730;581;656
730;601;677
730;621;683
730;641;650
730;661;657
730;681;691
730;701;677
730;721;649
730;741;683
730;761;664
730;781;668
730;801;650
730;821;679
730;841;653
730;861;697
730;881;662
730;901;673
730;921;671
730;941;686
730;961;692
730;981;684
730;1001;672
730;1021;661
730;1041;672
730;1061;683
730;1081;642
730;1101;679
730;1121;652
730;1141;685
730;1161;649
730;1181;667
730;1201;681
730;1221;690
730;1241;677
730;1261;632
730;1281;673
730;1301;669
730;1321;682
730;1341;655
730;1361;673
730;1381;708
730;1401;650
730;1421;676
730;1441;661
730;1461;682
730;1481;697
730;1501;669
730;1521;658
730;1541;689
730;1561;657
730;1581;687
730;1601;683
730;1621;665
730;1641;659
730;1661;710
730;1681;666
730;1701;646
730;1721;643
730;1741;660
730;1761;656
730;1781;645
730;1801;650
730;1821;661
730;1841;650
730;1861;652
730;1881;702
730;1901;647
730;1921;653
730;1941;647
730;1961;703
730;1981;661
770;1;659
770;21;660
770;41;677
770;61;646
770;81;684
770;101;681
770;121;667
770;141;659
770;161;675
770;181;645
770;201;669
770;221;683
770;241;660
770;261;654
770;281;630
770;301;655
770;321;651
770;341;672
770;361;642
770;381;648
770;401;672
770;421;665
770;441;670
770;461;649
770;481;655
770;501;647
770;521;677
770;541;677
770;561;679
770;581;646
770;601;621
770;621;657
770;641;678
770;661;649
770;681;676
770;701;644
770;721;645
770;741;705
770;761;647
770;781;683
770;801;662
770;821;692
770;841;676
770;861;658
770;881;675
770;901;662
770;921;670
770;941;684
770;961;713
770;981;672
770;1001;702
770;1021;661
770;1041;690
770;1061;677
770;1081;708
770;1101;665
770;1121;652
770;1141;666
770;1161;648
770;1181;656
770;1201;643
770;1221;661
770;1241;694
770;1261;678
770;1281;671
770;1301;667
770;1321;642
770;1341;745
770;1361;709
770;1381;677
770;1401;699
770;1421;707
770;1441;671
770;1461;721
770;1481;694
770;1501;705
770;1521;668
770;1541;678
770;1561;657
770;1581;695
770;1601;684
770;1621;657
770;1641;649
770;1661;666
770;1681;692
770;1701;688
770;1721;676
770;1741;640
770;1761;676
770;1781;657
770;1801;649
770;1821;644
770;1841;651
770;1861;673
770;1881;645
770;1901;678
770;1921;652
770;1941;665
770;1961;633
770;1981;670
810;1;641
810;21;657
810;41;682
810;61;658
810;81;636
810;101;688
810;121;687
810;141;651
810;161;653
810;181;665
810;201;684
810;221;652
810;241;659
810;261;665
810;281;689
810;301;668
810;321;670
810;341;669
810;361;662
810;381;711
810;401;657
810;421;718
810;441;694
810;461;666
810;481;677
810;501;688
810;521;647
810;541;640
810;561;655
810;581;668
810;601;694
810;621;662
810;641;678
810;661;687
810;681;668
810;701;655
810;721;677
810;741;661
810;761;640
810;781;670
810;801;721
810;821;665
810;841;648
810;861;656
810;881;589
810;901;635
810;921;657
810;941;670
810;961;671
810;981;651
810;1001;749
810;1021;694
810;1041;677
810;1061;701
810;1081;683
810;1101;644
810;1121;641
810;1141;653
810;1161;641
810;1181;690
810;1201;645
810;1221;682
810;1241;719
810;1261;693
810;1281;677
810;1301;775
810;1321;690
810;1341;689
810;1361;700
810;1381;708
810;1401;688
810;1421;681
810;1441;716
810;1461;655
810;1481;651
810;1501;665
810;1521;682
810;1541;654
810;1561;674
810;1581;668
810;1601;656
810;1621;675
810;1641;681
810;1661;722
810;1681;688
810;1701;671
810;1721;628
810;1741;658
810;1761;708
810;1781;645
810;1801;674
810;1821;654
810;1841;661
810;1861;661
810;1881;658
810;1901;636
810;1921;640
810;1941;670
810;1961;655
810;1981;662
850;1;688
850;21;675
850;41;656
850;61;656
850;81;692
850;101;684
850;121;664
850;141;680
850;161;650
850;181;656
850;201;683
850;221;660
850;241;693
850;261;670
850;281;660
850;301;689
850;321;658
850;341;689
850;361;660
850;381;682
850;401;766
850;421;684
850;441;660
850;461;680
850;481;638
850;501;687
850;521;681
850;541;672
850;561;682
850;581;657
850;601;693
850;621;650
850;641;672
850;661;654
850;681;672
850;701;675
850;721;677
850;741;682
850;761;658
850;781;668
850;801;694
850;821;672
850;841;663
850;861;663
850;881;671
850;901;629
850;921;711
850;941;702
850;961;669
850;981;645
850;1001;666
850;1021;703
850;1041;651
850;1061;665
850;1081;687
850;1101;701
850;1121;681
850;1141;704
850;1161;651
850;1181;669
850;1201;705
850;1221;696
850;1241;691
850;1261;702
850;1281;695
850;1301;721
850;1321;691
850;1341;699
850;1361;652
850;1381;691
850;1401;695
850;1421;602
850;1441;659
850;1461;659
850;1481;677
850;1501;652
850;1521;659
850;1541;675
850;1561;671
850;1581;657
850;1601;673
850;1621;648
850;1641;678
850;1661;660
850;1681;656
850;1701;667
850;1721;723
850;1741;651
850;1761;667
850;1781;653
850;1801;699
850;1821;637
850;1841;664
850;1861;651
850;1881;676
850;1901;658
850;1921;667
850;1941;643
850;1961;650
850;1981;664
890;1;641
890;21;663
890;41;667
890;61;659
890;81;654
890;101;733
890;121;704
890;141;675
890;161;653
890;181;679
890;201;629
890;221;648
890;241;691
890;261;685
890;281;668
890;301;683
890;321;661
890;341;673
890;361;680
890;381;676
890;401;706
890;421;658
890;441;640
890;461;662
890;481;671
890;501;650
890;521;654
890;541;652
890;561;672
890;581;660
890;601;613
890;621;685
890;641;651
890;661;664
890;681;715
890;701;646
890;721;682
890;741;635
890;761;681
890;781;668
890;801;715
890;821;684
890;841;704
890;861;648
890;881;658
890;901;671
890;921;683
890;941;670
890;961;682
890;981;673
890;1001;657
890;1021;645
890;1041;756
890;1061;737
890;1081;753
890;1101;724
890;1121;736
890;1141;727
890;1161;730
890;1181;689
890;1201;710
890;1221;677
890;1241;742
890;1261;697
890;1281;666
890;1301;642
890;1321;680
890;1341;656
890;1361;652
890;1381;673
890;1401;645
890;1421;671
890;1441;664
890;1461;660
890;1481;671
890;1501;641
890;1521;653
890;1541;661
890;1561;656
890;1581;676
890;1601;675
890;1621;662
890;1641;682
890;1661;665
890;1681;657
890;1701;660
890;1721;655
890;1741;694
890;1761;656
890;1781;677
890;1801;686
890;1821;638
890;1841;680
890;1861;663
890;1881;661
890;1901;664
890;1921;663
890;1941;680
890;1961;661
890;1981;654
930;1;676
930;21;679
930;41;686
930;61;661
930;81;638
930;101;674
930;121;647
930;141;693
930;161;622
930;181;660
930;201;707
930;221;625
930;241;666
930;261;766
930;281;680
930;301;656
930;321;662
930;341;675
930;361;669
930;381;657
930;401;661
930;421;673
930;441;671
930;461;644
930;481;648
930;501;661
930;521;650
930;541;679
930;561;674
930;581;669
930;601;663
930;621;664
930;641;694
930;661;673
930;681;660
930;701;679
930;721;697
930;741;639
930;761;701
930;781;664
930;801;670
930;821;679
930;841;664
930;861;722
930;881;685
930;901;636
930;921;626
930;941;709
930;961;734
930;981;707
930;1001;697
930;1021;717
930;1041;719
930;1061;721
930;1081;735
930;1101;732
930;1121;710
930;1141;746
930;1161;681
930;1181;640
930;1201;685
930;1221;657
930;1241;655
930;1261;670
930;1281;658
930;1301;675
930;1321;659
930;1341;655
930;1361;661
930;1381;649
930;1401;639
930;1421;661
930;1441;721
930;1461;695
930;1481;645
930;1501;648
930;1521;648
930;1541;721
930;1561;628
930;1581;628
930;1601;686
930;1621;673
930;1641;662
930;1661;648
930;1681;660
930;1701;657
930;1721;666
930;1741;691
930;1761;661
930;1781;664
930;1801;660
930;1821;636
930;1841;670
930;1861;704
930;1881;672
930;1901;675
930;1921;677
930;1941;654
930;1961;654
930;1981;675
970;1;634
970;21;639
970;41;646
970;61;689
970;81;666
970;101;641
970;121;640
970;141;667
970;161;694
970;181;692
970;201;661
970;221;665
970;241;711
970;261;651
970;281;683
970;301;669
970;321;657
970;341;680
970;361;670
970;381;685
970;401;643
970;421;676
970;441;718
970;461;684
970;481;641
970;501;655
970;521;641
970;541;660
970;561;648
970;581;659
970;601;683
970;621;641
970;641;703
970;661;682
970;681;666
970;701;693
970;721;662
970;741;666
970;761;661
970;781;677
970;801;656
970;821;672
970;841;752
970;861;639
970;881;683
970;901;670
970;921;677
970;941;682
970;961;730
970;981;713
970;1001;714
970;1021;712
970;1041;727
970;1061;697
970;1081;649
970;1101;689
970;1121;683
970;1141;679
970;1161;647
970;1181;648
970;1201;648
970;1221;703
970;1241;652
970;1261;687
970;1281;659
970;1301;654
970;1321;668
970;1341;699
970;1361;670
970;1381;684
970;1401;674
970;1421;669
970;1441;690
970;1461;666
970;1481;681
970;1501;654
970;1521;665
970;1541;658
970;1561;686
970;1581;623
970;1601;645
970;1621;699
970;1641;682
970;1661;672
970;1681;653
970;1701;672
970;1721;676
970;1741;677
970;1761;676
970;1781;660
970;1801;630
970;1821;665
970;1841;657
970;1861;676
970;1881;646
970;1901;666
970;1921;699
970;1941;663
970;1961;650
970;1981;658
1010;1;628
1010;21;665
1010;41;639
1010;61;658
1010;81;676
1010;101;664
1010;121;650
1010;141;666
1010;161;690
1010;181;656
1010;201;645
1010;221;681
1010;241;660
1010;261;674
1010;281;660
1010;301;677
1010;321;693
1010;341;697
1010;361;666
1010;381;652
1010;401;650
1010;421;674
1010;441;703
1010;461;666
1010;481;629
1010;501;697
1010;521;694
1010;541;689
1010;561;667
1010;581;668
1010;601;646
1010;621;655
1010;641;651
1010;661;664
1010;681;655
1010;701;676
1010;721;662
1010;741;692
1010;761;685
1010;781;686
1010;801;659
1010;821;654
1010;841;655
1010;861;681
1010;881;677
1010;901;690
1010;921;651
1010;941;690
1010;961;717
1010;981;799
1010;1001;676
1010;1021;664
1010;1041;666
1010;1061;654
1010;1081;631
1010;1101;668
1010;1121;687
1010;1141;662
1010;1161;656
1010;1181;686
1010;1201;652
1010;1221;657
1010;1241;668
1010;1261;666
1010;1281;656
1010;1301;662
1010;1321;672
1010;1341;649
1010;1361;672
1010;1381;669
1010;1401;663
1010;1421;662
1010;1441;671
1010;1461;643
1010;1481;636
1010;1501;666
1010;1521;668
1010;1541;648
1010;1561;665
1010;1581;650
1010;1601;655
1010;1621;682
1010;1641;658
1010;1661;672
1010;1681;667
1010;1701;656
1010;1721;636
1010;1741;647
1010;1761;652
1010;1781;643
1010;1801;653
1010;1821;676
1010;1841;643
1010;1861;660
1010;1881;649
1010;1901;661
1010;1921;655
1010;1941;653
1010;1961;693
1010;1981;691
1050;1;640
1050;21;647
1050;41;699
1050;61;670
1050;81;689
1050;101;654
1050;121;660
1050;141;660
1050;161;660
1050;181;670
1050;201;664
1050;221;674
1050;241;658
1050;261;691
1050;281;655
1050;301;702
1050;321;712
1050;341;708
1050;361;716
1050;381;752
1050;401;713
1050;421;670
1050;441;671
1050;461;677
1050;481;658
1050;501;671
1050;521;694
1050;541;702
1050;561;721
1050;581;673
1050;601;652
1050;621;646
1050;641;669
1050;661;646
1050;681;671
1050;701;649
1050;721;648
1050;741;676
1050;761;649
1050;781;683
1050;801;648
1050;821;648
1050;841;705
1050;861;637
1050;881;688
1050;901;660
1050;921;640
1050;941;645
1050;961;653
1050;981;662
1050;1001;648
1050;1021;660
1050;1041;663
1050;1061;676
1050;1081;680
1050;1101;668
1050;1121;684
1050;1141;666
1050;1161;726
1050;1181;693
1050;1201;694
1050;1221;662
1050;1241;677
1050;1261;643
1050;1281;674
1050;1301;689
1050;1321;718
1050;1341;702
1050;1361;735
1050;1381;705
1050;1401;677
1050;1421;677
1050;1441;658
1050;1461;673
1050;1481;674
1050;1501;700
1050;1521;672
1050;1541;632
1050;1561;677
1050;1581;658
1050;1601;653
1050;1621;630
1050;1641;681
1050;1661;674
1050;1681;683
1050;1701;659
1050;1721;634
1050;1741;666
1050;1761;683
1050;1781;649
1050;1801;658
1050;1821;681
1050;1841;664
1050;1861;652
1050;1881;690
1050;1901;653
1050;1921;657
1050;1941;674
1050;1961;757
1050;1981;644
1090;1;650
1090;21;720
1090;41;685
1090;61;717
1090;81;665
1090;101;663
1090;121;673
1090;141;701
1090;161;647
1090;181;675
1090;201;674
1090;221;676
1090;241;668
1090;261;697
1090;281;656
1090;301;710
1090;321;683
1090;341;658
1090;361;676
1090;381;679
1090;401;747
1090;421;704
1090;441;667
1090;461;696
1090;481;653
1090;501;693
1090;521;681
1090;541;658
1090;561;664
1090;581;687
1090;601;679
1090;621;670
1090;641;643
1090;661;666
1090;681;676
1090;701;655
1090;721;705
1090;741;684
1090;761;661
1090;781;671
1090;801;682
1090;821;679
1090;841;663
1090;861;671
1090;881;666
1090;901;682
1090;921;657
1090;941;636
1090;961;683
1090;981;654
1090;1001;677
1090;1021;680
1090;1041;731
1090;1061;654
1090;1081;689
1090;1101;678
1090;1121;660
1090;1141;688
1090;1161;644
1090;1181;653
1090;1201;685
1090;1221;672
1090;1241;707
1090;1261;692
1090;1281;673
1090;1301;652
1090;1321;682
1090;1341;683
1090;1361;660
1090;1381;689
1090;1401;667
1090;1421;660
1090;1441;687
1090;1461;697
1090;1481;645
1090;1501;730
1090;1521;679
1090;1541;680
1090;1561;686
1090;1581;680
1090;1601;668
1090;1621;676
1090;1641;689
1090;1661;686
1090;1681;679
1090;1701;615
1090;1721;648
1090;1741;661
1090;1761;672
1090;1781;665
1090;1801;655
1090;1821;667
1090;1841;703
1090;1861;687
1090;1881;606
1090;1901;698
1090;1921;664
1090;1941;678
1090;1961;684
1090;1981;669
1130;1;683
1130;21;683
1130;41;682
1130;61;652
1130;81;743
1130;101;662
1130;121;672
1130;141;639
1130;161;644
1130;181;671
1130;201;652
1130;221;697
1130;241;705
1130;261;665
1130;281;653
1130;301;737
1130;321;681
1130;341;694
1130;361;664
1130;381;689
1130;401;710
1130;421;675
1130;441;681
1130;461;660
1130;481;650
1130;501;700
1130;521;652
1130;541;659
1130;561;647
1130;581;659
1130;601;664
1130;621;691
1130;641;686
1130;661;677
1130;681;687
1130;701;665
1130;721;649
1130;741;664
1130;761;665
1130;781;666
1130;801;649
1130;821;648
1130;841;673
1130;861;660
1130;881;731
1130;901;663
1130;921;669
1130;941;651
1130;961;664
1130;981;731
1130;1001;703
1130;1021;682
1130;1041;697
1130;1061;667
1130;1081;652
1130;1101;679
1130;1121;670
1130;1141;661
1130;1161;680
1130;1181;697
1130;1201;688
1130;1221;662
1130;1241;695
1130;1261;655
1130;1281;698
1130;1301;681
1130;1321;702
1130;1341;672
1130;1361;657
1130;1381;724
1130;1401;676
1130;1421;661
1130;1441;629
1130;1461;660
1130;1481;677
1130;1501;675
1130;1521;689
1130;1541;690
1130;1561;682
1130;1581;636
1130;1601;671
1130;1621;697
1130;1641;708
1130;1661;672
1130;1681;668
1130;1701;642
1130;1721;649
1130;1741;638
1130;1761;660
1130;1781;673
1130;1801;656
1130;1821;648
1130;1841;672
1130;1861;666
1130;1881;625
1130;1901;683
1130;1921;669
1130;1941;665
1130;1961;677
1130;1981;692
1170;1;700
1170;21;657
1170;41;667
1170;61;661
1170;81;663
1170;101;674
1170;121;675
1170;141;663
1170;161;697
1170;181;665
1170;201;699
1170;221;716
1170;241;713
1170;261;720
1170;281;669
1170;301;662
1170;321;640
1170;341;715
1170;361;668
1170;381;677
1170;401;683
1170;421;650
1170;441;649
1170;461;656
1170;481;661
1170;501;666
1170;521;645
1170;541;654
1170;561;652
1170;581;683
1170;601;700
1170;621;676
1170;641;688
1170;661;650
1170;681;659
1170;701;660
1170;721;681
1170;741;664
1170;761;677
1170;781;654
1170;801;698
1170;821;698
1170;841;726
1170;861;667
1170;881;675
1170;901;693
1170;921;666
1170;941;660
1170;961;677
1170;981;705
1170;1001;652
1170;1021;746
1170;1041;666
1170;1061;663
1170;1081;681
1170;1101;686
1170;1121;676
1170;1141;688
1170;1161;688
1170;1181;704
1170;1201;700
1170;1221;653
1170;1241;662
1170;1261;677
1170;1281;698
1170;1301;677
1170;1321;654
1170;1341;651
1170;1361;701
1170;1381;729
1170;1401;687
1170;1421;671
1170;1441;664
1170;1461;674
1170;1481;687
1170;1501;680
1170;1521;667
1170;1541;683
1170;1561;650
1170;1581;674
1170;1601;678
1170;1621;672
1170;1641;655
1170;1661;644
1170;1681;676
1170;1701;668
1170;1721;655
1170;1741;690
1170;1761;674
1170;1781;694
1170;1801;684
1170;1821;687
1170;1841;651
1170;1861;658
1170;1881;672
1170;1901;663
1170;1921;695
1170;1941;661
1170;1961;641
1170;1981;676
1210;1;706
1210;21;670
1210;41;676
1210;61;697
1210;81;680
1210;101;674
1210;121;698
1210;141;651
1210;161;684
1210;181;701
1210;201;683
1210;221;700
1210;241;699
1210;261;630
1210;281;656
1210;301;641
1210;321;654
1210;341;671
1210;361;658
1210;381;644
1210;401;650
1210;421;666
1210;441;651
1210;461;674
1210;481;702
1210;501;683
1210;521;641
1210;541;647
1210;561;681
1210;581;666
1210;601;681
1210;621;726
1210;641;649
1210;661;649
1210;681;672
1210;701;689
1210;721;705
1210;741;653
1210;761;679
1210;781;676
1210;801;675
1210;821;667
1210;841;701
1210;861;688
1210;881;692
1210;901;663
1210;921;667
1210;941;656
1210;961;679
1210;981;679
1210;1001;700
1210;1021;701
1210;1041;716
1210;1061;679
1210;1081;702
1210;1101;682
1210;1121;682
1210;1141;681
1210;1161;691
1210;1181;663
1210;1201;730
1210;1221;672
1210;1241;646
1210;1261;661
1210;1281;683
1210;1301;670
1210;1321;674
1210;1341;671
1210;1361;654
1210;1381;673
1210;1401;675
1210;1421;649
1210;1441;646
1210;1461;657
1210;1481;690
1210;1501;671
1210;1521;667
1210;1541;635
1210;1561;652
1210;1581;661
1210;1601;670
1210;1621;671
1210;1641;671
1210;1661;665
1210;1681;691
1210;1701;642
1210;1721;687
1210;1741;684
1210;1761;695
1210;1781;651
1210;1801;679
1210;1821;655
1210;1841;668
1210;1861;660
1210;1881;661
1210;1901;655
1210;1921;689
1210;1941;677
1210;1961;701
1210;1981;696
1250;1;687
1250;21;688
1250;41;702
1250;61;700
1250;81;691
1250;101;718
1250;121;715
1250;141;739
1250;161;689
1250;181;701
1250;201;719
1250;221;686
1250;241;647
1250;261;658
1250;281;694
1250;301;721
1250;321;670
1250;341;696
1250;361;709
1250;381;686
1250;401;699
1250;421;711
1250;441;665
1250;461;699
1250;481;685
1250;501;687
1250;521;682
1250;541;694
1250;561;647
1250;581;654
1250;601;673
1250;621;670
1250;641;668
1250;661;722
1250;681;679
1250;701;650
1250;721;677
1250;741;652
1250;761;664
1250;781;688
1250;801;675
1250;821;676
1250;841;725
1250;861;676
1250;881;694
1250;901;669
1250;921;669
1250;941;654
1250;961;668
1250;981;689
1250;1001;696
1250;1021;647
1250;1041;652
1250;1061;676
1250;1081;665
1250;1101;701
1250;1121;714
1250;1141;713
1250;1161;732
1250;1181;742
1250;1201;715
1250;1221;731
1250;1241;713
1250;1261;690
1250;1281;689
1250;1301;743
1250;1321;699
1250;1341;681
1250;1361;702
1250;1381;700
1250;1401;698
1250;1421;693
1250;1441;711
1250;1461;699
1250;1481;687
1250;1501;707
1250;1521;681
1250;1541;647
1250;1561;690
1250;1581;665
1250;1601;711
1250;1621;689
1250;1641;676
1250;1661;692
1250;1681;707
1250;1701;707
1250;1721;675
1250;1741;700
1250;1761;691
1250;1781;718
1250;1801;688
1250;1821;691
1250;1841;668
1250;1861;681
1250;1881;756
1250;1901;711
1250;1921;711
1250;1941;695
1250;1961;690
1250;1981;676
1290;1;670
1290;21;694
1290;41;679
1290;61;698
1290;81;678
1290;101;652
1290;121;677
1290;141;647
1290;161;668
1290;181;720
1290;201;709
1290;221;696
1290;241;643
1290;261;677
1290;281;674
1290;301;667
1290;321;683
1290;341;698
1290;361;693
1290;381;727
1290;401;689
1290;421;643
1290;441;668
1290;461;657
1290;481;665
1290;501;665
1290;521;654
1290;541;702
1290;561;701
1290;581;653
1290;601;675
1290;621;674
1290;641;680
1290;661;655
1290;681;654
1290;701;662
1290;721;672
1290;741;680
1290;761;670
1290;781;648
1290;801;645
1290;821;653
1290;841;662
1290;861;640
1290;881;673
1290;901;744
1290;921;673
1290;941;686
1290;961;678
1290;981;645
1290;1001;690
1290;1021;678
1290;1041;664
1290;1061;667
1290;1081;659
1290;1101;659
1290;1121;655
1290;1141;691
1290;1161;661
1290;1181;656
1290;1201;711
1290;1221;709
1290;1241;680
1290;1261;650
1290;1281;667
1290;1301;673
1290;1321;661
1290;1341;668
1290;1361;656
1290;1381;674
1290;1401;658
1290;1421;660
1290;1441;658
1290;1461;701
1290;1481;647
1290;1501;715
1290;1521;669
1290;1541;675
1290;1561;679
1290;1581;665
1290;1601;678
1290;1621;677
1290;1641;684
1290;1661;679
1290;1681;649
1290;1701;699
1290;1721;664
1290;1741;656
1290;1761;690
1290;1781;645
1290;1801;658
1290;1821;673
1290;1841;649
1290;1861;652
1290;1881;653
1290;1901;713
1290;1921;694
1290;1941;682
1290;1961;663
1290;1981;691
1330;1;666
1330;21;669
1330;41;694
1330;61;690
1330;81;669
1330;101;666
1330;121;665
1330;141;673
1330;161;663
1330;181;681
1330;201;634
1330;221;676
1330;241;682
1330;261;654
1330;281;678
1330;301;678
1330;321;659
1330;341;669
1330;361;722
1330;381;656
1330;401;660
1330;421;669
1330;441;654
1330;461;656
1330;481;660
1330;501;659
1330;521;656
1330;541;634
1330;561;725
1330;581;652
1330;601;653
1330;621;691
1330;641;666
1330;661;674
1330;681;720
1330;701;658
1330;721;661
1330;741;654
1330;761;693
1330;781;649
1330;801;653
1330;821;724
1330;841;678
1330;861;683
1330;881;674
1330;901;653
1330;921;680
1330;941;684
1330;961;734
1330;981;751
1330;1001;661
1330;1021;651
1330;1041;695
1330;1061;693
1330;1081;662
1330;1101;643
1330;1121;668
1330;1141;671
1330;1161;674
1330;1181;643
1330;1201;676
1330;1221;651
1330;1241;672
1330;1261;710
1330;1281;667
1330;1301;671
1330;1321;750
1330;1341;694
1330;1361;678
1330;1381;699
1330;1401;722
1330;1421;685
1330;1441;705
1330;1461;695
1330;1481;676
1330;1501;705
1330;1521;705
1330;1541;688
1330;1561;667
1330;1581;747
1330;1601;688
1330;1621;643
1330;1641;645
1330;1661;685
1330;1681;732
1330;1701;629
1330;1721;641
1330;1741;691
1330;1761;660
1330;1781;663
1330;1801;674
1330;1821;674
1330;1841;681
1330;1861;641
1330;1881;658
1330;1901;657
1330;1921;684
1330;1941;660
1330;1961;665
1330;1981;639
1370;1;650
1370;21;680
1370;41;656
1370;61;653
1370;81;689
1370;101;657
1370;121;680
1370;141;679
1370;161;651
1370;181;691
1370;201;655
1370;221;681
1370;241;677
1370;261;669
1370;281;676
1370;301;685
1370;321;673
1370;341;653
1370;361;697
1370;381;682
1370;401;673
1370;421;641
1370;441;737
1370;461;729
1370;481;740
1370;501;719
1370;521;649
1370;541;649
1370;561;663
1370;581;655
1370;601;667
1370;621;672
1370;641;669
1370;661;668
1370;681;657
1370;701;680
1370;721;684
1370;741;668
1370;761;672
1370;781;676
1370;801;651
1370;821;715
1370;841;688
1370;861;645
1370;881;645
1370;901;685
1370;921;654
1370;941;689
1370;961;651
1370;981;657
1370;1001;639
1370;1021;664
1370;1041;741
1370;1061;672
1370;1081;679
1370;1101;707
1370;1121;685
1370;1141;647
1370;1161;689
1370;1181;662
1370;1201;678
1370;1221;672
1370;1241;661
1370;1261;650
1370;1281;691
1370;1301;648
1370;1321;676
1370;1341;669
1370;1361;660
1370;1381;730
1370;1401;677
1370;1421;679
1370;1441;742
1370;1461;708
1370;1481;661
1370;1501;647
1370;1521;663
1370;1541;689
1370;1561;684
1370;1581;689
1370;1601;698
1370;1621;643
1370;1641;649
1370;1661;660
1370;1681;680
1370;1701;681
1370;1721;675
1370;1741;653
1370;1761;655
1370;1781;681
1370;1801;684
1370;1821;661
1370;1841;683
1370;1861;665
1370;1881;675
1370;1901;694
1370;1921;696
1370;1941;652
1370;1961;680
1370;1981;679
1410;1;645
1410;21;707
1410;41;684
1410;61;683
1410;81;662
1410;101;690
1410;121;723
1410;141;661
1410;161;666
1410;181;691
1410;201;654
1410;221;682
1410;241;655
1410;261;666
1410;281;670
1410;301;705
1410;321;688
1410;341;658
1410;361;658
1410;381;638
1410;401;721
1410;421;695
1410;441;679
1410;461;736
1410;481;670
1410;501;642
1410;521;708
1410;541;672
1410;561;676
1410;581;653
1410;601;675
1410;621;682
1410;641;656
1410;661;678
1410;681;660
1410;701;662
1410;721;749
1410;741;682
1410;761;693
1410;781;682
1410;801;669
1410;821;644
1410;841;665
1410;861;652
1410;881;688
1410;901;684
1410;921;693
1410;941;670
1410;961;666
1410;981;699
1410;1001;722
1410;1021;676
1410;1041;659
1410;1061;675
1410;1081;680
1410;1101;634
1410;1121;670
1410;1141;641
1410;1161;669
1410;1181;681
1410;1201;675
1410;1221;656
1410;1241;650
1410;1261;686
1410;1281;683
1410;1301;755
1410;1321;783
1410;1341;717
1410;1361;707
1410;1381;692
1410;1401;654
1410;1421;651
1410;1441;683
1410;1461;686
1410;1481;684
1410;1501;683
1410;1521;674
1410;1541;663
1410;1561;698
1410;1581;677
1410;1601;669
1410;1621;668
1410;1641;645
1410;1661;656
1410;1681;672
1410;1701;684
1410;1721;666
1410;1741;663
1410;1761;652
1410;1781;640
1410;1801;645
1410;1821;692
1410;1841;697
1410;1861;753
1410;1881;654
1410;1901;685
1410;1921;668
1410;1941;662
1410;1961;639
1410;1981;655
1450;1;655
1450;21;670
1450;41;686
1450;61;687
1450;81;643
1450;101;661
1450;121;666
1450;141;658
1450;161;672
1450;181;675
1450;201;697
1450;221;659
1450;241;672
1450;261;744
1450;281;694
1450;301;651
1450;321;670
1450;341;654
1450;361;697
1450;381;675
1450;401;667
1450;421;710
1450;441;667
1450;461;662
1450;481;640
1450;501;671
1450;521;677
1450;541;657
1450;561;693
1450;581;678
1450;601;681
1450;621;693
1450;641;679
1450;661;666
1450;681;697
1450;701;669
1450;721;651
1450;741;681
1450;761;651
1450;781;702
1450;801;687
1450;821;651
1450;841;660
1450;861;756
1450;881;647
1450;901;670
1450;921;654
1450;941;684
1450;961;671
1450;981;677
1450;1001;688
1450;1021;658
1450;1041;633
1450;1061;687
1450;1081;689
1450;1101;677
1450;1121;645
1450;1141;678
1450;1161;656
1450;1181;638
1450;1201;676
1450;1221;667
1450;1241;697
1450;1261;661
1450;1281;638
1450;1301;654
1450;1321;666
1450;1341;653
1450;1361;678
1450;1381;714
1450;1401;661
1450;1421;697
1450;1441;649
1450;1461;684
1450;1481;670
1450;1501;653
1450;1521;653
1450;1541;656
1450;1561;707
1450;1581;731
1450;1601;701
1450;1621;655
1450;1641;681
1450;1661;695
1450;1681;659
1450;1701;667
1450;1721;665
1450;1741;683
1450;1761;658
1450;1781;642
1450;1801;700
1450;1821;674
1450;1841;686
1450;1861;686
1450;1881;712
1450;1901;646
1450;1921;665
1450;1941;673
1450;1961;661
1450;1981;639
1490;1;681
1490;21;694
1490;41;661
1490;61;656
1490;81;656
1490;101;672
1490;121;687
1490;141;668
1490;161;694
1490;181;766
1490;201;653
1490;221;656
1490;241;669
1490;261;671
1490;281;698
1490;301;653
1490;321;653
1490;341;660
1490;361;655
1490;381;697
1490;401;678
1490;421;675
1490;441;661
1490;461;685
1490;481;669
1490;501;680
1490;521;691
1490;541;685
1490;561;721
1490;581;641
1490;601;669
1490;621;693
1490;641;669
1490;661;676
1490;681;664
1490;701;689
1490;721;751
1490;741;643
1490;761;674
1490;781;701
1490;801;677
1490;821;661
1490;841;653
1490;861;667
1490;881;667
1490;901;716
1490;921;661
1490;941;709
1490;961;653
1490;981;629
1490;1001;689
1490;1021;667
1490;1041;662
1490;1061;680
1490;1081;687
1490;1101;659
1490;1121;700
1490;1141;680
1490;1161;658
1490;1181;614
1490;1201;688
1490;1221;683
1490;1241;672
1490;1261;681
1490;1281;681
1490;1301;655
1490;1321;678
1490;1341;608
1490;1361;647
1490;1381;694
1490;1401;668
1490;1421;676
1490;1441;762
1490;1461;661
1490;1481;665
1490;1501;674
1490;1521;671
1490;1541;675
1490;1561;687
1490;1581;660
1490;1601;713
1490;1621;676
1490;1641;688
1490;1661;688
1490;1681;643
1490;1701;668
1490;1721;665
1490;1741;689
1490;1761;663
1490;1781;745
1490;1801;671
1490;1821;676
1490;1841;669
1490;1861;702
1490;1881;688
1490;1901;672
1490;1921;661
1490;1941;682
1490;1961;667
1490;1981;660
1530;1;695
1530;21;675
1530;41;669
1530;61;654
1530;81;708
1530;101;676
1530;121;643
1530;141;757
1530;161;728
1530;181;638
1530;201;652
1530;221;681
1530;241;651
1530;261;678
1530;281;680
1530;301;713
1530;321;714
1530;341;665
1530;361;674
1530;381;652
1530;401;715
1530;421;653
1530;441;684
1530;461;652
1530;481;681
1530;501;672
1530;521;663
1530;541;667
1530;561;701
1530;581;729
1530;601;724
1530;621;687
1530;641;663
1530;661;657
1530;681;664
1530;701;710
1530;721;674
1530;741;719
1530;761;665
1530;781;657
1530;801;673
1530;821;661
1530;841;689
1530;861;642
1530;881;678
1530;901;667
1530;921;688
1530;941;701
1530;961;672
1530;981;677
1530;1001;696
1530;1021;702
1530;1041;727
1530;1061;663
1530;1081;669
1530;1101;655
1530;1121;675
1530;1141;690
1530;1161;713
1530;1181;673
1530;1201;670
1530;1221;673
1530;1241;664
1530;1261;717
1530;1281;701
1530;1301;656
1530;1321;672
1530;1341;689
1530;1361;677
1530;1381;658
1530;1401;701
1530;1421;651
1530;1441;676
1530;1461;647
1530;1481;742
1530;1501;720
1530;1521;656
1530;1541;679
1530;1561;700
1530;1581;689
1530;1601;704
1530;1621;655
1530;1641;645
1530;1661;685
1530;1681;675
1530;1701;702
1530;1721;650
1530;1741;710
1530;1761;678
1530;1781;758
1530;1801;671
1530;1821;674
1530;1841;675
1530;1861;761
1530;1881;697
1530;1901;691
1530;1921;714
1530;1941;663
1530;1961;717
1530;1981;725
1570;1;639
1570;21;705
1570;41;675
1570;61;686
1570;81;690
1570;101;668
1570;121;657
1570;141;731
1570;161;707
1570;181;732
1570;201;714
1570;221;659
1570;241;657
1570;261;686
1570;281;707
1570;301;660
1570;321;671
1570;341;687
1570;361;676
1570;381;704
1570;401;685
1570;421;635
1570;441;683
1570;461;675
1570;481;688
1570;501;667
1570;521;673
1570;541;666
1570;561;697
1570;581;666
1570;601;686
1570;621;656
1570;641;673
1570;661;700
1570;681;677
1570;701;682
1570;721;684
1570;741;663
1570;761;698
1570;781;655
1570;801;658
1570;821;721
1570;841;682
1570;861;662
1570;881;684
1570;901;704
1570;921;675
1570;941;674
1570;961;649
1570;981;645
1570;1001;658
1570;1021;682
1570;1041;640
1570;1061;672
1570;1081;720
1570;1101;681
1570;1121;627
1570;1141;720
1570;1161;695
1570;1181;690
1570;1201;661
1570;1221;656
1570;1241;714
1570;1261;676
1570;1281;681
1570;1301;698
1570;1321;668
1570;1341;658
1570;1361;698
1570;1381;677
1570;1401;693
1570;1421;680
1570;1441;657
1570;1461;673
1570;1481;694
1570;1501;679
1570;1521;677
1570;1541;682
1570;1561;693
1570;1581;655
1570;1601;645
1570;1621;652
1570;1641;691
1570;1661;647
1570;1681;660
1570;1701;671
1570;1721;693
1570;1741;724
1570;1761;705
1570;1781;676
1570;1801;671
1570;1821;691
1570;1841;669
1570;1861;711
1570;1881;659
1570;1901;692
1570;1921;714
1570;1941;696
1570;1961;717
1570;1981;695
1610;1;686
1610;21;683
1610;41;667
1610;61;713
1610;81;718
1610;101;692
1610;121;679
1610;141;673
1610;161;655
1610;181;683
1610;201;710
1610;221;691
1610;241;678
1610;261;653
1610;281;732
1610;301;660
1610;321;711
1610;341;753
1610;361;766
1610;381;665
1610;401;679
1610;421;661
1610;441;680
1610;461;771
1610;481;650
1610;501;692
1610;521;655
1610;541;666
1610;561;643
1610;581;687
1610;601;672
1610;621;665
1610;641;724
1610;661;668
1610;681;665
1610;701;708
1610;721;652
1610;741;648
1610;761;668
1610;781;711
1610;801;686
1610;821;671
1610;841;733
1610;861;665
1610;881;676
1610;901;767
1610;921;733
1610;941;749
1610;961;728
1610;981;739
1610;1001;755
1610;1021;688
1610;1041;676
1610;1061;674
1610;1081;685
1610;1101;674
1610;1121;696
1610;1141;718
1610;1161;709
1610;1181;694
1610;1201;681
1610;1221;703
1610;1241;768
1610;1261;695
1610;1281;662
1610;1301;638
1610;1321;675
1610;1341;709
1610;1361;660
1610;1381;669
1610;1401;642
1610;1421;681
1610;1441;705
1610;1461;696
1610;1481;701
1610;1501;658
1610;1521;656
1610;1541;702
1610;1561;680
1610;1581;682
1610;1601;681
1610;1621;672
1610;1641;665
1610;1661;680
1610;1681;658
1610;1701;672
1610;1721;674
1610;1741;693
1610;1761;668
1610;1781;692
1610;1801;669
1610;1821;662
1610;1841;657
1610;1861;703
1610;1881;645
1610;1901;704
1610;1921;698
1610;1941;734
1610;1961;676
1610;1981;667
1650;1;658
1650;21;671
1650;41;673
1650;61;703
1650;81;709
1650;101;710
1650;121;687
1650;141;681
1650;161;658
1650;181;693
1650;201;709
1650;221;673
1650;241;687
1650;261;751
1650;281;683
1650;301;691
1650;321;714
1650;341;663
1650;361;661
1650;381;701
1650;401;749
1650;421;665
1650;441;674
1650;461;667
1650;481;701
1650;501;678
1650;521;665
1650;541;689
1650;561;728
1650;581;698
1650;601;652
1650;621;688
1650;641;661
1650;661;658
1650;681;676
1650;701;684
1650;721;661
1650;741;713
1650;761;777
1650;781;749
1650;801;708
1650;821;746
1650;841;727
1650;861;773
1650;881;661
1650;901;683
1650;921;725
1650;941;665
1650;961;677
1650;981;674
1650;1001;672
1650;1021;650
1650;1041;668
1650;1061;652
1650;1081;650
1650;1101;714
1650;1121;674
1650;1141;719
1650;1161;676
1650;1181;674
1650;1201;666
1650;1221;686
1650;1241;684
1650;1261;675
1650;1281;665
1650;1301;666
1650;1321;678
1650;1341;668
1650;1361;682
1650;1381;690
1650;1401;680
1650;1421;698
1650;1441;707
1650;1461;653
1650;1481;718
1650;1501;691
1650;1521;653
1650;1541;678
1650;1561;684
1650;1581;676
1650;1601;675
1650;1621;684
1650;1641;658
1650;1661;641
1650;1681;691
1650;1701;685
1650;1721;657
1650;1741;669
1650;1761;765
1650;1781;712
1650;1801;734
1650;1821;684
1650;1841;648
1650;1861;687
1650;1881;664
1650;1901;663
1650;1921;689
1650;1941;680
1650;1961;641
1650;1981;665
1690;1;662
1690;21;697
1690;41;688
1690;61;657
1690;81;720
1690;101;728
1690;121;707
1690;141;669
1690;161;669
1690;181;686
1690;201;638
1690;221;670
1690;241;673
1690;261;678
1690;281;657
1690;301;659
1690;321;685
1690;341;689
1690;361;673
1690;381;672
1690;401;684
1690;421;642
1690;441;696
1690;461;716
1690;481;690
1690;501;704
1690;521;736
1690;541;686
1690;561;725
1690;581;813
1690;601;648
1690;621;698
1690;641;706
1690;661;742
1690;681;826
1690;701;721
1690;721;753
1690;741;680
1690;761;694
1690;781;699
1690;801;666
1690;821;706
1690;841;663
1690;861;662
1690;881;680
1690;901;698
1690;921;712
1690;941;677
1690;961;676
1690;981;688
1690;1001;694
1690;1021;690
1690;1041;732
1690;1061;687
1690;1081;657
1690;1101;688
1690;1121;674
1690;1141;723
1690;1161;679
1690;1181;720
1690;1201;675
1690;1221;663
1690;1241;677
1690;1261;679
1690;1281;674
1690;1301;688
1690;1321;659
1690;1341;685
1690;1361;666
1690;1381;665
1690;1401;703
1690;1421;660
1690;1441;678
1690;1461;663
1690;1481;680
1690;1501;701
1690;1521;673
1690;1541;678
1690;1561;695
1690;1581;671
1690;1601;670
1690;1621;725
1690;1641;718
1690;1661;750
1690;1681;654
1690;1701;674
1690;1721;690
1690;1741;663
1690;1761;689
1690;1781;694
1690;1801;682
1690;1821;679
1690;1841;699
1690;1861;668
1690;1881;686
1690;1901;658
1690;1921;683
1690;1941;692
1690;1961;669
1690;1981;676
1730;1;686
1730;21;720
1730;41;683
1730;61;699
1730;81;700
1730;101;678
1730;121;698
1730;141;669
1730;161;660
1730;181;688
1730;201;673
1730;221;674
1730;241;676
1730;261;674
1730;281;690
1730;301;663
1730;321;682
1730;341;696
1730;361;686
1730;381;709
1730;401;673
1730;421;656
1730;441;695
1730;461;664
1730;481;657
1730;501;700
1730;521;740
1730;541;720
1730;561;702
1730;581;712
1730;601;695
1730;621;668
1730;641;677
1730;661;658
1730;681;691
1730;701;692
1730;721;696
1730;741;703
1730;761;674
1730;781;725
1730;801;706
1730;821;674
1730;841;717
1730;861;741
1730;881;719
1730;901;688
1730;921;704
1730;941;667
1730;961;670
1730;981;694
1730;1001;701
1730;1021;672
1730;1041;677
1730;1061;676
1730;1081;683
1730;1101;695
1730;1121;684
1730;1141;676
1730;1161;698
1730;1181;685
1730;1201;701
1730;1221;708
1730;1241;682
1730;1261;699
1730;1281;720
1730;1301;669
1730;1321;696
1730;1341;697
1730;1361;691
1730;1381;680
1730;1401;670
1730;1421;716
1730;1441;688
1730;1461;718
1730;1481;664
1730;1501;725
1730;1521;708
1730;1541;695
1730;1561;729
1730;1581;675
1730;1601;681
1730;1621;683
1730;1641;702
1730;1661;688
1730;1681;745
1730;1701;693
1730;1721;670
1730;1741;700
1730;1761;720
1730;1781;681
1730;1801;675
1730;1821;682
1730;1841;733
1730;1861;705
1730;1881;706
1730;1901;723
1730;1921;676
1730;1941;672
1730;1961;713
1730;1981;707
1770;1;710
1770;21;692
1770;41;669
1770;61;665
1770;81;699
1770;101;697
1770;121;647
1770;141;720
1770;161;664
1770;181;663
1770;201;708
1770;221;666
1770;241;669
1770;261;695
1770;281;667
1770;301;693
1770;321;727
1770;341;766
1770;361;746
1770;381;751
1770;401;721
1770;421;752
1770;441;720
1770;461;706
1770;481;702
1770;501;655
1770;521;694
1770;541;666
1770;561;679
1770;581;694
1770;601;703
1770;621;681
1770;641;715
1770;661;668
1770;681;674
1770;701;715
1770;721;684
1770;741;727
1770;761;701
1770;781;665
1770;801;665
1770;821;683
1770;841;688
1770;861;704
1770;881;737
1770;901;676
1770;921;724
1770;941;689
1770;961;646
1770;981;658
1770;1001;727
1770;1021;672
1770;1041;697
1770;1061;691
1770;1081;662
1770;1101;663
1770;1121;695
1770;1141;662
1770;1161;659
1770;1181;671
1770;1201;686
1770;1221;701
1770;1241;661
1770;1261;714
1770;1281;678
1770;1301;684
1770;1321;740
1770;1341;713
1770;1361;708
1770;1381;694
1770;1401;706
1770;1421;725
1770;1441;703
1770;1461;715
1770;1481;692
1770;1501;678
1770;1521;705
1770;1541;713
1770;1561;700
1770;1581;648
1770;1601;659
1770;1621;666
1770;1641;737
1770;1661;711
1770;1681;695
1770;1701;672
1770;1721;674
1770;1741;697
1770;1761;701
1770;1781;691
1770;1801;672
1770;1821;672
1770;1841;675
1770;1861;691
1770;1881;687
1770;1901;698
1770;1921;669
1770;1941;719
1770;1961;697
1770;1981;704
1810;1;674
1810;21;672
1810;41;717
1810;61;671
1810;81;668
1810;101;711
1810;121;677
1810;141;702
1810;161;726
1810;181;667
1810;201;667
1810;221;783
1810;241;689
1810;261;682
1810;281;731
1810;301;688
1810;321;681
1810;341;721
1810;361;750
1810;381;724
1810;401;752
1810;421;702
1810;441;688
1810;461;706
1810;481;693
1810;501;683
1810;521;706
1810;541;698
1810;561;650
1810;581;658
1810;601;705
1810;621;712
1810;641;731
1810;661;673
1810;681;700
1810;701;675
1810;721;685
1810;741;677
1810;761;687
1810;781;697
1810;801;671
1810;821;673
1810;841;698
1810;861;678
1810;881;684
1810;901;685
1810;921;687
1810;941;692
1810;961;685
1810;981;677
1810;1001;656
1810;1021;729
1810;1041;717
1810;1061;670
1810;1081;684
1810;1101;747
1810;1121;687
1810;1141;698
1810;1161;677
1810;1181;672
1810;1201;663
1810;1221;690
1810;1241;686
1810;1261;694
1810;1281;685
1810;1301;748
1810;1321;689
1810;1341;701
1810;1361;713
1810;1381;726
1810;1401;705
1810;1421;724
1810;1441;713
1810;1461;673
1810;1481;659
1810;1501;714
1810;1521;684
1810;1541;664
1810;1561;673
1810;1581;691
1810;1601;649
1810;1621;680
1810;1641;657
1810;1661;660
1810;1681;686
1810;1701;700
1810;1721;691
1810;1741;702
1810;1761;670
1810;1781;659
1810;1801;684
1810;1821;657
1810;1841;692
1810;1861;653
1810;1881;700
1810;1901;683
1810;1921;679
1810;1941;673
1810;1961;707
1810;1981;677
1850;1;661
1850;21;688
1850;41;659
1850;61;673
1850;81;709
1850;101;699
1850;121;698
1850;141;703
1850;161;740
1850;181;699
1850;201;725
1850;221;696
1850;241;665
1850;261;698
1850;281;711
1850;301;739
1850;321;741
1850;341;702
1850;361;692
1850;381;706
1850;401;688
1850;421;682
1850;441;668
1850;461;668
1850;481;689
1850;501;700
1850;521;642
1850;541;664
1850;561;661
1850;581;660
1850;601;666
1850;621;674
1850;641;707
1850;661;691
1850;681;720
1850;701;691
1850;721;676
1850;741;658
1850;761;701
1850;781;686
1850;801;691
1850;821;661
1850;841;668
1850;861;717
1850;881;675
1850;901;656
1850;921;659
1850;941;652
1850;961;677
1850;981;716
1850;1001;697
1850;1021;706
1850;1041;666
1850;1061;694
1850;1081;693
1850;1101;714
1850;1121;712
1850;1141;713
1850;1161;691
1850;1181;685
1850;1201;689
1850;1221;701
1850;1241;699
1850;1261;692
1850;1281;707
1850;1301;694
1850;1321;717
1850;1341;660
1850;1361;670
1850;1381;713
1850;1401;689
1850;1421;693
1850;1441;679
1850;1461;654
1850;1481;690
1850;1501;700
1850;1521;658
1850;1541;675
1850;1561;661
1850;1581;684
1850;1601;679
1850;1621;677
1850;1641;687
1850;1661;687
1850;1681;677
1850;1701;685
1850;1721;652
1850;1741;676
1850;1761;694
1850;1781;690
1850;1801;689
1850;1821;672
1850;1841;680
1850;1861;656
1850;1881;676
1850;1901;687
1850;1921;702
1850;1941;760
1850;1961;749
1850;1981;669
1890;1;739
1890;21;692
1890;41;703
1890;61;674
1890;81;722
1890;101;689
1890;121;697
1890;141;720
1890;161;689
1890;181;686
1890;201;683
1890;221;709
1890;241;695
1890;261;678
1890;281;665
1890;301;672
1890;321;699
1890;341;698
1890;361;668
1890;381;692
1890;401;689
1890;421;683
1890;441;644
1890;461;693
1890;481;702
1890;501;700
1890;521;669
1890;541;648
1890;561;658
1890;581;693
1890;601;662
1890;621;673
1890;641;684
1890;661;692
1890;681;678
1890;701;716
1890;721;658
1890;741;680
1890;761;688
1890;781;652
1890;801;642
1890;821;678
1890;841;686
1890;861;694
1890;881;687
1890;901;665
1890;921;665
1890;941;655
1890;961;676
1890;981;719
1890;1001;688
1890;1021;674
1890;1041;640
1890;1061;725
1890;1081;696
1890;1101;645
1890;1121;663
1890;1141;710
1890;1161;679
1890;1181;670
1890;1201;670
1890;1221;679
1890;1241;674
1890;1261;737
1890;1281;679
1890;1301;719
1890;1321;705
1890;1341;687
1890;1361;697
1890;1381;701
1890;1401;662
1890;1421;701
1890;1441;713
1890;1461;766
1890;1481;724
1890;1501;727
1890;1521;724
1890;1541;703
1890;1561;689
1890;1581;657
1890;1601;697
1890;1621;704
1890;1641;718
1890;1661;681
1890;1681;694
1890;1701;704
1890;1721;694
1890;1741;697
1890;1761;695
1890;1781;696
1890;1801;669
1890;1821;672
1890;1841;660
1890;1861;702
1890;1881;671
1890;1901;696
1890;1921;686
1890;1941;648
1890;1961;670
1890;1981;659
1930;1;696
1930;21;692
1930;41;723
1930;61;707
1930;81;644
1930;101;648
1930;121;738
1930;141;760
1930;161;705
1930;181;698
1930;201;671
1930;221;717
1930;241;692
1930;261;697
1930;281;699
1930;301;693
1930;321;710
1930;341;722
1930;361;701
1930;381;740
1930;401;713
1930;421;683
1930;441;708
1930;461;666
1930;481;664
1930;501;717
1930;521;707
1930;541;700
1930;561;683
1930;581;676
1930;601;685
1930;621;688
1930;641;679
1930;661;675
1930;681;707
1930;701;712
1930;721;682
1930;741;735
1930;761;662
1930;781;680
1930;801;714
1930;821;690
1930;841;725
1930;861;674
1930;881;681
1930;901;666
1930;921;680
1930;941;668
1930;961;691
1930;981;697
1930;1001;681
1930;1021;692
1930;1041;681
1930;1061;694
1930;1081;675
1930;1101;767
1930;1121;688
1930;1141;652
1930;1161;678
1930;1181;675
1930;1201;697
1930;1221;685
1930;1241;668
1930;1261;678
1930;1281;705
1930;1301;692
1930;1321;707
1930;1341;693
1930;1361;721
1930;1381;695
1930;1401;738
1930;1421;685
1930;1441;700
1930;1461;696
1930;1481;670
1930;1501;703
1930;1521;723
1930;1541;738
1930;1561;759
1930;1581;828
1930;1601;747
1930;1621;749
1930;1641;772
1930;1661;729
1930;1681;721
1930;1701;767
1930;1721;713
1930;1741;726
1930;1761;743
1930;1781;740
1930;1801;742
1930;1821;711
1930;1841;740
1930;1861;719
1930;1881;742
1930;1901;746
1930;1921;703
1930;1941;719
1930;1961;738
1930;1981;717
1970;1;717
1970;21;735
1970;41;765
1970;61;759
1970;81;776
1970;101;754
1970;121;719
1970;141;788
1970;161;746
1970;181;717
1970;201;774
1970;221;744
1970;241;744
1970;261;745
1970;281;750
1970;301;766
1970;321;734
1970;341;735
1970;361;766
1970;381;720
1970;401;724
1970;421;687
1970;441;717
1970;461;765
1970;481;760
1970;501;739
1970;521;712
1970;541;695
1970;561;739
1970;581;735
1970;601;723
1970;621;697
1970;641;712
1970;661;772
1970;681;712
1970;701;757
1970;721;698
1970;741;701
1970;761;748
1970;781;733
1970;801;766
1970;821;746
1970;841;704
1970;861;733
1970;881;736
1970;901;749
1970;921;778
1970;941;804
1970;961;766
1970;981;828
1970;1001;788
1970;1021;715
1970;1041;698
1970;1061;715
1970;1081;717
1970;1101;752
1970;1121;680
1970;1141;662
1970;1161;697
1970;1181;713
1970;1201;659
1970;1221;671
1970;1241;678
1970;1261;673
1970;1281;701
1970;1301;707
1970;1321;704
1970;1341;699
1970;1361;665
1970;1381;684
1970;1401;707
1970;1421;654
1970;1441;650
1970;1461;666
1970;1481;663
1970;1501;688
1970;1521;655
1970;1541;660
1970;1561;714
1970;1581;694
1970;1601;722
1970;1621;686
1970;1641;684
1970;1661;689
1970;1681;715
1970;1701;731
1970;1721;678
1970;1741;667
1970;1761;691
1970;1781;690
1970;1801;691
1970;1821;667
1970;1841;684
1970;1861;693
1970;1881;676
1970;1901;668
1970;1921;692
1970;1941;753
1970;1961;687
1970;1981;659
